Store_ID,SKU_ID,Date,Units_On_Hand,OSA_Flag
2040,1000,2025-04-20,39,1
2040,1000,2025-04-21,38,1
2040,1000,2025-04-22,4,1
2040,1000,2025-04-23,3,1
2040,1000,2025-04-24,48,1
2040,1000,2025-04-25,26,1
2040,1000,2025-04-26,8,1
2040,1001,2025-04-20,9,1
2040,1001,2025-04-21,30,1
2040,1001,2025-04-22,10,1
2040,1001,2025-04-23,48,1
2040,1001,2025-04-24,15,1
2040,1001,2025-04-25,25,1
2040,1001,2025-04-26,50,1
2040,1005,2025-04-20,10,1
2040,1005,2025-04-21,41,1
2040,1005,2025-04-22,26,1
2040,1005,2025-04-23,25,1
2040,1005,2025-04-24,37,1
2040,1005,2025-04-25,12,1
2040,1005,2025-04-26,15,1
2040,1014,2025-04-20,22,1
2040,1014,2025-04-21,4,1
2040,1014,2025-04-22,14,1
2040,1014,2025-04-23,17,1
2040,1014,2025-04-24,8,1
2040,1014,2025-04-25,25,1
2040,1014,2025-04-26,7,1
2040,1013,2025-04-20,46,1
2040,1013,2025-04-21,47,1
2040,1013,2025-04-22,37,1
2040,1013,2025-04-23,43,1
2040,1013,2025-04-24,9,1
2040,1013,2025-04-25,13,1
2040,1013,2025-04-26,28,1
2040,1011,2025-04-20,9,1
2040,1011,2025-04-21,43,1
2040,1011,2025-04-22,17,1
2040,1011,2025-04-23,48,1
2040,1011,2025-04-24,20,1
2040,1011,2025-04-25,0,0
2040,1011,2025-04-26,40,1
2040,1008,2025-04-20,7,1
2040,1008,2025-04-21,33,1
2040,1008,2025-04-22,19,1
2040,1008,2025-04-23,33,1
2040,1008,2025-04-24,6,1
2040,1008,2025-04-25,49,1
2040,1008,2025-04-26,40,1
2040,1009,2025-04-20,38,1
2040,1009,2025-04-21,30,1
2040,1009,2025-04-22,14,1
2040,1009,2025-04-23,42,1
2040,1009,2025-04-24,28,1
2040,1009,2025-04-25,19,1
2040,1009,2025-04-26,7,1
2040,1002,2025-04-20,34,1
2040,1002,2025-04-21,47,1
2040,1002,2025-04-22,39,1
2040,1002,2025-04-23,29,1
2040,1002,2025-04-24,9,1
2040,1002,2025-04-25,4,1
2040,1002,2025-04-26,48,1
2040,1015,2025-04-20,46,1
2040,1015,2025-04-21,21,1
2040,1015,2025-04-22,17,1
2040,1015,2025-04-23,2,1
2040,1015,2025-04-24,24,1
2040,1015,2025-04-25,16,1
2040,1015,2025-04-26,7,1
2022,1000,2025-04-20,40,1
2022,1000,2025-04-21,29,1
2022,1000,2025-04-22,27,1
2022,1000,2025-04-23,37,1
2022,1000,2025-04-24,10,1
2022,1000,2025-04-25,45,1
2022,1000,2025-04-26,44,1
2022,1001,2025-04-20,50,1
2022,1001,2025-04-21,31,1
2022,1001,2025-04-22,48,1
2022,1001,2025-04-23,18,1
2022,1001,2025-04-24,14,1
2022,1001,2025-04-25,33,1
2022,1001,2025-04-26,6,1
2022,1005,2025-04-20,5,1
2022,1005,2025-04-21,46,1
2022,1005,2025-04-22,38,1
2022,1005,2025-04-23,38,1
2022,1005,2025-04-24,23,1
2022,1005,2025-04-25,15,1
2022,1005,2025-04-26,42,1
2022,1014,2025-04-20,31,1
2022,1014,2025-04-21,44,1
2022,1014,2025-04-22,27,1
2022,1014,2025-04-23,26,1
2022,1014,2025-04-24,3,1
2022,1014,2025-04-25,40,1
2022,1014,2025-04-26,6,1
2022,1013,2025-04-20,49,1
2022,1013,2025-04-21,17,1
2022,1013,2025-04-22,46,1
2022,1013,2025-04-23,46,1
2022,1013,2025-04-24,17,1
2022,1013,2025-04-25,16,1
2022,1013,2025-04-26,40,1
2022,1011,2025-04-20,32,1
2022,1011,2025-04-21,21,1
2022,1011,2025-04-22,26,1
2022,1011,2025-04-23,42,1
2022,1011,2025-04-24,16,1
2022,1011,2025-04-25,22,1
2022,1011,2025-04-26,5,1
2022,1008,2025-04-20,0,0
2022,1008,2025-04-21,6,1
2022,1008,2025-04-22,45,1
2022,1008,2025-04-23,31,1
2022,1008,2025-04-24,15,1
2022,1008,2025-04-25,37,1
2022,1008,2025-04-26,31,1
2022,1009,2025-04-20,14,1
2022,1009,2025-04-21,37,1
2022,1009,2025-04-22,27,1
2022,1009,2025-04-23,42,1
2022,1009,2025-04-24,17,1
2022,1009,2025-04-25,6,1
2022,1009,2025-04-26,49,1
2022,1002,2025-04-20,45,1
2022,1002,2025-04-21,31,1
2022,1002,2025-04-22,35,1
2022,1002,2025-04-23,38,1
2022,1002,2025-04-24,36,1
2022,1002,2025-04-25,24,1
2022,1002,2025-04-26,38,1
2022,1015,2025-04-20,33,1
2022,1015,2025-04-21,42,1
2022,1015,2025-04-22,24,1
2022,1015,2025-04-23,2,1
2022,1015,2025-04-24,38,1
2022,1015,2025-04-25,6,1
2022,1015,2025-04-26,37,1
2055,1000,2025-04-20,50,1
2055,1000,2025-04-21,41,1
2055,1000,2025-04-22,6,1
2055,1000,2025-04-23,36,1
2055,1000,2025-04-24,6,1
2055,1000,2025-04-25,7,1
2055,1000,2025-04-26,48,1
2055,1001,2025-04-20,15,1
2055,1001,2025-04-21,23,1
2055,1001,2025-04-22,37,1
2055,1001,2025-04-23,43,1
2055,1001,2025-04-24,45,1
2055,1001,2025-04-25,38,1
2055,1001,2025-04-26,26,1
2055,1005,2025-04-20,25,1
2055,1005,2025-04-21,45,1
2055,1005,2025-04-22,47,1
2055,1005,2025-04-23,2,1
2055,1005,2025-04-24,22,1
2055,1005,2025-04-25,41,1
2055,1005,2025-04-26,50,1
2055,1014,2025-04-20,28,1
2055,1014,2025-04-21,29,1
2055,1014,2025-04-22,36,1
2055,1014,2025-04-23,33,1
2055,1014,2025-04-24,2,1
2055,1014,2025-04-25,25,1
2055,1014,2025-04-26,40,1
2055,1013,2025-04-20,47,1
2055,1013,2025-04-21,49,1
2055,1013,2025-04-22,27,1
2055,1013,2025-04-23,42,1
2055,1013,2025-04-24,1,1
2055,1013,2025-04-25,13,1
2055,1013,2025-04-26,36,1
2055,1011,2025-04-20,11,1
2055,1011,2025-04-21,1,1
2055,1011,2025-04-22,40,1
2055,1011,2025-04-23,21,1
2055,1011,2025-04-24,6,1
2055,1011,2025-04-25,18,1
2055,1011,2025-04-26,26,1
2055,1008,2025-04-20,1,1
2055,1008,2025-04-21,46,1
2055,1008,2025-04-22,29,1
2055,1008,2025-04-23,16,1
2055,1008,2025-04-24,22,1
2055,1008,2025-04-25,43,1
2055,1008,2025-04-26,22,1
2055,1009,2025-04-20,22,1
2055,1009,2025-04-21,15,1
2055,1009,2025-04-22,17,1
2055,1009,2025-04-23,28,1
2055,1009,2025-04-24,50,1
2055,1009,2025-04-25,3,1
2055,1009,2025-04-26,20,1
2055,1002,2025-04-20,29,1
2055,1002,2025-04-21,44,1
2055,1002,2025-04-22,40,1
2055,1002,2025-04-23,16,1
2055,1002,2025-04-24,49,1
2055,1002,2025-04-25,50,1
2055,1002,2025-04-26,10,1
2055,1015,2025-04-20,13,1
2055,1015,2025-04-21,35,1
2055,1015,2025-04-22,49,1
2055,1015,2025-04-23,35,1
2055,1015,2025-04-24,41,1
2055,1015,2025-04-25,20,1
2055,1015,2025-04-26,47,1
2070,1000,2025-04-20,25,1
2070,1000,2025-04-21,48,1
2070,1000,2025-04-22,22,1
2070,1000,2025-04-23,49,1
2070,1000,2025-04-24,11,1
2070,1000,2025-04-25,31,1
2070,1000,2025-04-26,5,1
2070,1001,2025-04-20,21,1
2070,1001,2025-04-21,22,1
2070,1001,2025-04-22,39,1
2070,1001,2025-04-23,34,1
2070,1001,2025-04-24,47,1
2070,1001,2025-04-25,14,1
2070,1001,2025-04-26,20,1
2070,1005,2025-04-20,19,1
2070,1005,2025-04-21,6,1
2070,1005,2025-04-22,46,1
2070,1005,2025-04-23,5,1
2070,1005,2025-04-24,40,1
2070,1005,2025-04-25,25,1
2070,1005,2025-04-26,20,1
2070,1014,2025-04-20,39,1
2070,1014,2025-04-21,31,1
2070,1014,2025-04-22,40,1
2070,1014,2025-04-23,11,1
2070,1014,2025-04-24,48,1
2070,1014,2025-04-25,24,1
2070,1014,2025-04-26,12,1
2070,1013,2025-04-20,16,1
2070,1013,2025-04-21,45,1
2070,1013,2025-04-22,31,1
2070,1013,2025-04-23,22,1
2070,1013,2025-04-24,21,1
2070,1013,2025-04-25,28,1
2070,1013,2025-04-26,23,1
2070,1011,2025-04-20,48,1
2070,1011,2025-04-21,10,1
2070,1011,2025-04-22,10,1
2070,1011,2025-04-23,20,1
2070,1011,2025-04-24,1,1
2070,1011,2025-04-25,7,1
2070,1011,2025-04-26,12,1
2070,1008,2025-04-20,37,1
2070,1008,2025-04-21,19,1
2070,1008,2025-04-22,32,1
2070,1008,2025-04-23,44,1
2070,1008,2025-04-24,41,1
2070,1008,2025-04-25,35,1
2070,1008,2025-04-26,18,1
2070,1009,2025-04-20,48,1
2070,1009,2025-04-21,35,1
2070,1009,2025-04-22,34,1
2070,1009,2025-04-23,11,1
2070,1009,2025-04-24,25,1
2070,1009,2025-04-25,39,1
2070,1009,2025-04-26,44,1
2070,1002,2025-04-20,4,1
2070,1002,2025-04-21,12,1
2070,1002,2025-04-22,5,1
2070,1002,2025-04-23,5,1
2070,1002,2025-04-24,45,1
2070,1002,2025-04-25,38,1
2070,1002,2025-04-26,42,1
2070,1015,2025-04-20,25,1
2070,1015,2025-04-21,16,1
2070,1015,2025-04-22,9,1
2070,1015,2025-04-23,45,1
2070,1015,2025-04-24,21,1
2070,1015,2025-04-25,34,1
2070,1015,2025-04-26,22,1
2000,1000,2025-04-20,25,1
2000,1000,2025-04-21,8,1
2000,1000,2025-04-22,24,1
2000,1000,2025-04-23,6,1
2000,1000,2025-04-24,47,1
2000,1000,2025-04-25,18,1
2000,1000,2025-04-26,39,1
2000,1001,2025-04-20,36,1
2000,1001,2025-04-21,5,1
2000,1001,2025-04-22,20,1
2000,1001,2025-04-23,14,1
2000,1001,2025-04-24,28,1
2000,1001,2025-04-25,2,1
2000,1001,2025-04-26,15,1
2000,1005,2025-04-20,35,1
2000,1005,2025-04-21,9,1
2000,1005,2025-04-22,42,1
2000,1005,2025-04-23,17,1
2000,1005,2025-04-24,1,1
2000,1005,2025-04-25,31,1
2000,1005,2025-04-26,14,1
2000,1014,2025-04-20,44,1
2000,1014,2025-04-21,14,1
2000,1014,2025-04-22,15,1
2000,1014,2025-04-23,14,1
2000,1014,2025-04-24,28,1
2000,1014,2025-04-25,41,1
2000,1014,2025-04-26,13,1
2000,1013,2025-04-20,9,1
2000,1013,2025-04-21,0,0
2000,1013,2025-04-22,18,1
2000,1013,2025-04-23,15,1
2000,1013,2025-04-24,1,1
2000,1013,2025-04-25,39,1
2000,1013,2025-04-26,30,1
2000,1011,2025-04-20,28,1
2000,1011,2025-04-21,26,1
2000,1011,2025-04-22,35,1
2000,1011,2025-04-23,35,1
2000,1011,2025-04-24,36,1
2000,1011,2025-04-25,12,1
2000,1011,2025-04-26,26,1
2000,1008,2025-04-20,11,1
2000,1008,2025-04-21,33,1
2000,1008,2025-04-22,37,1
2000,1008,2025-04-23,25,1
2000,1008,2025-04-24,40,1
2000,1008,2025-04-25,36,1
2000,1008,2025-04-26,24,1
2000,1009,2025-04-20,47,1
2000,1009,2025-04-21,16,1
2000,1009,2025-04-22,45,1
2000,1009,2025-04-23,50,1
2000,1009,2025-04-24,23,1
2000,1009,2025-04-25,16,1
2000,1009,2025-04-26,27,1
2000,1002,2025-04-20,23,1
2000,1002,2025-04-21,23,1
2000,1002,2025-04-22,15,1
2000,1002,2025-04-23,20,1
2000,1002,2025-04-24,34,1
2000,1002,2025-04-25,22,1
2000,1002,2025-04-26,4,1
2000,1015,2025-04-20,44,1
2000,1015,2025-04-21,8,1
2000,1015,2025-04-22,20,1
2000,1015,2025-04-23,44,1
2000,1015,2025-04-24,15,1
2000,1015,2025-04-25,50,1
2000,1015,2025-04-26,34,1
2026,1000,2025-04-20,37,1
2026,1000,2025-04-21,8,1
2026,1000,2025-04-22,6,1
2026,1000,2025-04-23,50,1
2026,1000,2025-04-24,32,1
2026,1000,2025-04-25,45,1
2026,1000,2025-04-26,30,1
2026,1001,2025-04-20,34,1
2026,1001,2025-04-21,20,1
2026,1001,2025-04-22,6,1
2026,1001,2025-04-23,38,1
2026,1001,2025-04-24,14,1
2026,1001,2025-04-25,46,1
2026,1001,2025-04-26,22,1
2026,1005,2025-04-20,45,1
2026,1005,2025-04-21,44,1
2026,1005,2025-04-22,41,1
2026,1005,2025-04-23,35,1
2026,1005,2025-04-24,14,1
2026,1005,2025-04-25,29,1
2026,1005,2025-04-26,17,1
2026,1014,2025-04-20,36,1
2026,1014,2025-04-21,3,1
2026,1014,2025-04-22,29,1
2026,1014,2025-04-23,39,1
2026,1014,2025-04-24,28,1
2026,1014,2025-04-25,31,1
2026,1014,2025-04-26,37,1
2026,1013,2025-04-20,27,1
2026,1013,2025-04-21,4,1
2026,1013,2025-04-22,10,1
2026,1013,2025-04-23,1,1
2026,1013,2025-04-24,35,1
2026,1013,2025-04-25,28,1
2026,1013,2025-04-26,35,1
2026,1011,2025-04-20,41,1
2026,1011,2025-04-21,3,1
2026,1011,2025-04-22,22,1
2026,1011,2025-04-23,30,1
2026,1011,2025-04-24,45,1
2026,1011,2025-04-25,9,1
2026,1011,2025-04-26,4,1
2026,1008,2025-04-20,43,1
2026,1008,2025-04-21,22,1
2026,1008,2025-04-22,4,1
2026,1008,2025-04-23,46,1
2026,1008,2025-04-24,17,1
2026,1008,2025-04-25,36,1
2026,1008,2025-04-26,16,1
2026,1009,2025-04-20,46,1
2026,1009,2025-04-21,1,1
2026,1009,2025-04-22,45,1
2026,1009,2025-04-23,38,1
2026,1009,2025-04-24,31,1
2026,1009,2025-04-25,27,1
2026,1009,2025-04-26,45,1
2026,1002,2025-04-20,48,1
2026,1002,2025-04-21,8,1
2026,1002,2025-04-22,25,1
2026,1002,2025-04-23,13,1
2026,1002,2025-04-24,42,1
2026,1002,2025-04-25,28,1
2026,1002,2025-04-26,19,1
2026,1015,2025-04-20,34,1
2026,1015,2025-04-21,44,1
2026,1015,2025-04-22,43,1
2026,1015,2025-04-23,19,1
2026,1015,2025-04-24,21,1
2026,1015,2025-04-25,14,1
2026,1015,2025-04-26,36,1
2039,1000,2025-04-20,32,1
2039,1000,2025-04-21,26,1
2039,1000,2025-04-22,9,1
2039,1000,2025-04-23,49,1
2039,1000,2025-04-24,34,1
2039,1000,2025-04-25,43,1
2039,1000,2025-04-26,37,1
2039,1001,2025-04-20,20,1
2039,1001,2025-04-21,0,0
2039,1001,2025-04-22,39,1
2039,1001,2025-04-23,3,1
2039,1001,2025-04-24,45,1
2039,1001,2025-04-25,48,1
2039,1001,2025-04-26,22,1
2039,1005,2025-04-20,37,1
2039,1005,2025-04-21,7,1
2039,1005,2025-04-22,49,1
2039,1005,2025-04-23,4,1
2039,1005,2025-04-24,39,1
2039,1005,2025-04-25,4,1
2039,1005,2025-04-26,33,1
2039,1014,2025-04-20,26,1
2039,1014,2025-04-21,46,1
2039,1014,2025-04-22,10,1
2039,1014,2025-04-23,46,1
2039,1014,2025-04-24,12,1
2039,1014,2025-04-25,15,1
2039,1014,2025-04-26,38,1
2039,1013,2025-04-20,49,1
2039,1013,2025-04-21,48,1
2039,1013,2025-04-22,11,1
2039,1013,2025-04-23,11,1
2039,1013,2025-04-24,1,1
2039,1013,2025-04-25,41,1
2039,1013,2025-04-26,31,1
2039,1011,2025-04-20,46,1
2039,1011,2025-04-21,7,1
2039,1011,2025-04-22,21,1
2039,1011,2025-04-23,5,1
2039,1011,2025-04-24,6,1
2039,1011,2025-04-25,25,1
2039,1011,2025-04-26,36,1
2039,1008,2025-04-20,44,1
2039,1008,2025-04-21,43,1
2039,1008,2025-04-22,24,1
2039,1008,2025-04-23,26,1
2039,1008,2025-04-24,24,1
2039,1008,2025-04-25,44,1
2039,1008,2025-04-26,30,1
2039,1009,2025-04-20,8,1
2039,1009,2025-04-21,21,1
2039,1009,2025-04-22,11,1
2039,1009,2025-04-23,6,1
2039,1009,2025-04-24,19,1
2039,1009,2025-04-25,22,1
2039,1009,2025-04-26,11,1
2039,1002,2025-04-20,45,1
2039,1002,2025-04-21,27,1
2039,1002,2025-04-22,16,1
2039,1002,2025-04-23,31,1
2039,1002,2025-04-24,5,1
2039,1002,2025-04-25,11,1
2039,1002,2025-04-26,16,1
2039,1015,2025-04-20,25,1
2039,1015,2025-04-21,12,1
2039,1015,2025-04-22,14,1
2039,1015,2025-04-23,22,1
2039,1015,2025-04-24,41,1
2039,1015,2025-04-25,40,1
2039,1015,2025-04-26,5,1
2065,1000,2025-04-20,21,1
2065,1000,2025-04-21,28,1
2065,1000,2025-04-22,48,1
2065,1000,2025-04-23,6,1
2065,1000,2025-04-24,33,1
2065,1000,2025-04-25,16,1
2065,1000,2025-04-26,1,1
2065,1001,2025-04-20,38,1
2065,1001,2025-04-21,3,1
2065,1001,2025-04-22,35,1
2065,1001,2025-04-23,3,1
2065,1001,2025-04-24,43,1
2065,1001,2025-04-25,23,1
2065,1001,2025-04-26,6,1
2065,1005,2025-04-20,10,1
2065,1005,2025-04-21,0,0
2065,1005,2025-04-22,33,1
2065,1005,2025-04-23,0,0
2065,1005,2025-04-24,0,0
2065,1005,2025-04-25,20,1
2065,1005,2025-04-26,24,1
2065,1014,2025-04-20,19,1
2065,1014,2025-04-21,1,1
2065,1014,2025-04-22,36,1
2065,1014,2025-04-23,36,1
2065,1014,2025-04-24,23,1
2065,1014,2025-04-25,4,1
2065,1014,2025-04-26,11,1
2065,1013,2025-04-20,12,1
2065,1013,2025-04-21,40,1
2065,1013,2025-04-22,39,1
2065,1013,2025-04-23,31,1
2065,1013,2025-04-24,11,1
2065,1013,2025-04-25,34,1
2065,1013,2025-04-26,13,1
2065,1011,2025-04-20,22,1
2065,1011,2025-04-21,6,1
2065,1011,2025-04-22,43,1
2065,1011,2025-04-23,9,1
2065,1011,2025-04-24,38,1
2065,1011,2025-04-25,23,1
2065,1011,2025-04-26,36,1
2065,1008,2025-04-20,11,1
2065,1008,2025-04-21,28,1
2065,1008,2025-04-22,45,1
2065,1008,2025-04-23,49,1
2065,1008,2025-04-24,11,1
2065,1008,2025-04-25,32,1
2065,1008,2025-04-26,9,1
2065,1009,2025-04-20,28,1
2065,1009,2025-04-21,1,1
2065,1009,2025-04-22,39,1
2065,1009,2025-04-23,2,1
2065,1009,2025-04-24,34,1
2065,1009,2025-04-25,50,1
2065,1009,2025-04-26,7,1
2065,1002,2025-04-20,19,1
2065,1002,2025-04-21,18,1
2065,1002,2025-04-22,6,1
2065,1002,2025-04-23,22,1
2065,1002,2025-04-24,43,1
2065,1002,2025-04-25,11,1
2065,1002,2025-04-26,37,1
2065,1015,2025-04-20,33,1
2065,1015,2025-04-21,10,1
2065,1015,2025-04-22,6,1
2065,1015,2025-04-23,31,1
2065,1015,2025-04-24,12,1
2065,1015,2025-04-25,38,1
2065,1015,2025-04-26,9,1
2010,1000,2025-04-20,39,1
2010,1000,2025-04-21,21,1
2010,1000,2025-04-22,29,1
2010,1000,2025-04-23,42,1
2010,1000,2025-04-24,35,1
2010,1000,2025-04-25,24,1
2010,1000,2025-04-26,50,1
2010,1001,2025-04-20,28,1
2010,1001,2025-04-21,7,1
2010,1001,2025-04-22,42,1
2010,1001,2025-04-23,35,1
2010,1001,2025-04-24,4,1
2010,1001,2025-04-25,21,1
2010,1001,2025-04-26,15,1
2010,1005,2025-04-20,23,1
2010,1005,2025-04-21,9,1
2010,1005,2025-04-22,15,1
2010,1005,2025-04-23,31,1
2010,1005,2025-04-24,12,1
2010,1005,2025-04-25,50,1
2010,1005,2025-04-26,25,1
2010,1014,2025-04-20,2,1
2010,1014,2025-04-21,22,1
2010,1014,2025-04-22,3,1
2010,1014,2025-04-23,30,1
2010,1014,2025-04-24,42,1
2010,1014,2025-04-25,45,1
2010,1014,2025-04-26,48,1
2010,1013,2025-04-20,37,1
2010,1013,2025-04-21,6,1
2010,1013,2025-04-22,33,1
2010,1013,2025-04-23,5,1
2010,1013,2025-04-24,42,1
2010,1013,2025-04-25,41,1
2010,1013,2025-04-26,20,1
2010,1011,2025-04-20,33,1
2010,1011,2025-04-21,36,1
2010,1011,2025-04-22,36,1
2010,1011,2025-04-23,44,1
2010,1011,2025-04-24,34,1
2010,1011,2025-04-25,33,1
2010,1011,2025-04-26,25,1
2010,1008,2025-04-20,48,1
2010,1008,2025-04-21,34,1
2010,1008,2025-04-22,41,1
2010,1008,2025-04-23,12,1
2010,1008,2025-04-24,18,1
2010,1008,2025-04-25,20,1
2010,1008,2025-04-26,8,1
2010,1009,2025-04-20,28,1
2010,1009,2025-04-21,48,1
2010,1009,2025-04-22,12,1
2010,1009,2025-04-23,18,1
2010,1009,2025-04-24,40,1
2010,1009,2025-04-25,27,1
2010,1009,2025-04-26,25,1
2010,1002,2025-04-20,27,1
2010,1002,2025-04-21,24,1
2010,1002,2025-04-22,5,1
2010,1002,2025-04-23,31,1
2010,1002,2025-04-24,1,1
2010,1002,2025-04-25,31,1
2010,1002,2025-04-26,6,1
2010,1015,2025-04-20,20,1
2010,1015,2025-04-21,35,1
2010,1015,2025-04-22,30,1
2010,1015,2025-04-23,39,1
2010,1015,2025-04-24,24,1
2010,1015,2025-04-25,19,1
2010,1015,2025-04-26,31,1
2044,1000,2025-04-20,50,1
2044,1000,2025-04-21,49,1
2044,1000,2025-04-22,18,1
2044,1000,2025-04-23,49,1
2044,1000,2025-04-24,43,1
2044,1000,2025-04-25,44,1
2044,1000,2025-04-26,3,1
2044,1001,2025-04-20,33,1
2044,1001,2025-04-21,2,1
2044,1001,2025-04-22,12,1
2044,1001,2025-04-23,5,1
2044,1001,2025-04-24,19,1
2044,1001,2025-04-25,37,1
2044,1001,2025-04-26,47,1
2044,1005,2025-04-20,36,1
2044,1005,2025-04-21,34,1
2044,1005,2025-04-22,11,1
2044,1005,2025-04-23,41,1
2044,1005,2025-04-24,20,1
2044,1005,2025-04-25,47,1
2044,1005,2025-04-26,3,1
2044,1014,2025-04-20,34,1
2044,1014,2025-04-21,1,1
2044,1014,2025-04-22,3,1
2044,1014,2025-04-23,19,1
2044,1014,2025-04-24,24,1
2044,1014,2025-04-25,12,1
2044,1014,2025-04-26,22,1
2044,1013,2025-04-20,34,1
2044,1013,2025-04-21,3,1
2044,1013,2025-04-22,43,1
2044,1013,2025-04-23,27,1
2044,1013,2025-04-24,47,1
2044,1013,2025-04-25,32,1
2044,1013,2025-04-26,33,1
2044,1011,2025-04-20,11,1
2044,1011,2025-04-21,32,1
2044,1011,2025-04-22,23,1
2044,1011,2025-04-23,43,1
2044,1011,2025-04-24,44,1
2044,1011,2025-04-25,2,1
2044,1011,2025-04-26,13,1
2044,1008,2025-04-20,6,1
2044,1008,2025-04-21,29,1
2044,1008,2025-04-22,11,1
2044,1008,2025-04-23,14,1
2044,1008,2025-04-24,45,1
2044,1008,2025-04-25,20,1
2044,1008,2025-04-26,4,1
2044,1009,2025-04-20,45,1
2044,1009,2025-04-21,13,1
2044,1009,2025-04-22,31,1
2044,1009,2025-04-23,13,1
2044,1009,2025-04-24,36,1
2044,1009,2025-04-25,40,1
2044,1009,2025-04-26,39,1
2044,1002,2025-04-20,0,0
2044,1002,2025-04-21,2,1
2044,1002,2025-04-22,24,1
2044,1002,2025-04-23,13,1
2044,1002,2025-04-24,44,1
2044,1002,2025-04-25,7,1
2044,1002,2025-04-26,18,1
2044,1015,2025-04-20,0,0
2044,1015,2025-04-21,15,1
2044,1015,2025-04-22,42,1
2044,1015,2025-04-23,21,1
2044,1015,2025-04-24,11,1
2044,1015,2025-04-25,24,1
2044,1015,2025-04-26,14,1
2081,1000,2025-04-20,23,1
2081,1000,2025-04-21,25,1
2081,1000,2025-04-22,2,1
2081,1000,2025-04-23,9,1
2081,1000,2025-04-24,9,1
2081,1000,2025-04-25,38,1
2081,1000,2025-04-26,15,1
2081,1001,2025-04-20,39,1
2081,1001,2025-04-21,42,1
2081,1001,2025-04-22,16,1
2081,1001,2025-04-23,27,1
2081,1001,2025-04-24,43,1
2081,1001,2025-04-25,36,1
2081,1001,2025-04-26,45,1
2081,1005,2025-04-20,40,1
2081,1005,2025-04-21,19,1
2081,1005,2025-04-22,13,1
2081,1005,2025-04-23,41,1
2081,1005,2025-04-24,47,1
2081,1005,2025-04-25,17,1
2081,1005,2025-04-26,26,1
2081,1014,2025-04-20,44,1
2081,1014,2025-04-21,0,0
2081,1014,2025-04-22,26,1
2081,1014,2025-04-23,26,1
2081,1014,2025-04-24,24,1
2081,1014,2025-04-25,17,1
2081,1014,2025-04-26,12,1
2081,1013,2025-04-20,49,1
2081,1013,2025-04-21,31,1
2081,1013,2025-04-22,16,1
2081,1013,2025-04-23,38,1
2081,1013,2025-04-24,0,0
2081,1013,2025-04-25,40,1
2081,1013,2025-04-26,44,1
2081,1011,2025-04-20,25,1
2081,1011,2025-04-21,2,1
2081,1011,2025-04-22,44,1
2081,1011,2025-04-23,49,1
2081,1011,2025-04-24,28,1
2081,1011,2025-04-25,8,1
2081,1011,2025-04-26,42,1
2081,1008,2025-04-20,44,1
2081,1008,2025-04-21,14,1
2081,1008,2025-04-22,4,1
2081,1008,2025-04-23,40,1
2081,1008,2025-04-24,7,1
2081,1008,2025-04-25,7,1
2081,1008,2025-04-26,10,1
2081,1009,2025-04-20,50,1
2081,1009,2025-04-21,31,1
2081,1009,2025-04-22,4,1
2081,1009,2025-04-23,11,1
2081,1009,2025-04-24,34,1
2081,1009,2025-04-25,20,1
2081,1009,2025-04-26,10,1
2081,1002,2025-04-20,47,1
2081,1002,2025-04-21,16,1
2081,1002,2025-04-22,43,1
2081,1002,2025-04-23,45,1
2081,1002,2025-04-24,44,1
2081,1002,2025-04-25,25,1
2081,1002,2025-04-26,18,1
2081,1015,2025-04-20,34,1
2081,1015,2025-04-21,18,1
2081,1015,2025-04-22,18,1
2081,1015,2025-04-23,36,1
2081,1015,2025-04-24,16,1
2081,1015,2025-04-25,6,1
2081,1015,2025-04-26,48,1
2035,1000,2025-04-20,7,1
2035,1000,2025-04-21,25,1
2035,1000,2025-04-22,12,1
2035,1000,2025-04-23,5,1
2035,1000,2025-04-24,35,1
2035,1000,2025-04-25,31,1
2035,1000,2025-04-26,12,1
2035,1001,2025-04-20,8,1
2035,1001,2025-04-21,33,1
2035,1001,2025-04-22,2,1
2035,1001,2025-04-23,30,1
2035,1001,2025-04-24,30,1
2035,1001,2025-04-25,6,1
2035,1001,2025-04-26,7,1
2035,1005,2025-04-20,14,1
2035,1005,2025-04-21,2,1
2035,1005,2025-04-22,24,1
2035,1005,2025-04-23,11,1
2035,1005,2025-04-24,5,1
2035,1005,2025-04-25,48,1
2035,1005,2025-04-26,44,1
2035,1014,2025-04-20,4,1
2035,1014,2025-04-21,15,1
2035,1014,2025-04-22,27,1
2035,1014,2025-04-23,39,1
2035,1014,2025-04-24,23,1
2035,1014,2025-04-25,28,1
2035,1014,2025-04-26,47,1
2035,1013,2025-04-20,9,1
2035,1013,2025-04-21,28,1
2035,1013,2025-04-22,38,1
2035,1013,2025-04-23,49,1
2035,1013,2025-04-24,2,1
2035,1013,2025-04-25,42,1
2035,1013,2025-04-26,32,1
2035,1011,2025-04-20,49,1
2035,1011,2025-04-21,12,1
2035,1011,2025-04-22,49,1
2035,1011,2025-04-23,13,1
2035,1011,2025-04-24,46,1
2035,1011,2025-04-25,20,1
2035,1011,2025-04-26,2,1
2035,1008,2025-04-20,36,1
2035,1008,2025-04-21,0,0
2035,1008,2025-04-22,9,1
2035,1008,2025-04-23,21,1
2035,1008,2025-04-24,16,1
2035,1008,2025-04-25,11,1
2035,1008,2025-04-26,22,1
2035,1009,2025-04-20,29,1
2035,1009,2025-04-21,12,1
2035,1009,2025-04-22,41,1
2035,1009,2025-04-23,3,1
2035,1009,2025-04-24,25,1
2035,1009,2025-04-25,24,1
2035,1009,2025-04-26,9,1
2035,1002,2025-04-20,18,1
2035,1002,2025-04-21,32,1
2035,1002,2025-04-22,4,1
2035,1002,2025-04-23,14,1
2035,1002,2025-04-24,11,1
2035,1002,2025-04-25,40,1
2035,1002,2025-04-26,12,1
2035,1015,2025-04-20,21,1
2035,1015,2025-04-21,42,1
2035,1015,2025-04-22,46,1
2035,1015,2025-04-23,28,1
2035,1015,2025-04-24,1,1
2035,1015,2025-04-25,28,1
2035,1015,2025-04-26,4,1
2056,1000,2025-04-20,15,1
2056,1000,2025-04-21,38,1
2056,1000,2025-04-22,33,1
2056,1000,2025-04-23,18,1
2056,1000,2025-04-24,35,1
2056,1000,2025-04-25,10,1
2056,1000,2025-04-26,9,1
2056,1001,2025-04-20,35,1
2056,1001,2025-04-21,20,1
2056,1001,2025-04-22,3,1
2056,1001,2025-04-23,7,1
2056,1001,2025-04-24,43,1
2056,1001,2025-04-25,4,1
2056,1001,2025-04-26,26,1
2056,1005,2025-04-20,33,1
2056,1005,2025-04-21,34,1
2056,1005,2025-04-22,1,1
2056,1005,2025-04-23,39,1
2056,1005,2025-04-24,46,1
2056,1005,2025-04-25,10,1
2056,1005,2025-04-26,46,1
2056,1014,2025-04-20,20,1
2056,1014,2025-04-21,23,1
2056,1014,2025-04-22,2,1
2056,1014,2025-04-23,9,1
2056,1014,2025-04-24,6,1
2056,1014,2025-04-25,43,1
2056,1014,2025-04-26,14,1
2056,1013,2025-04-20,0,0
2056,1013,2025-04-21,24,1
2056,1013,2025-04-22,0,0
2056,1013,2025-04-23,36,1
2056,1013,2025-04-24,3,1
2056,1013,2025-04-25,24,1
2056,1013,2025-04-26,49,1
2056,1011,2025-04-20,36,1
2056,1011,2025-04-21,7,1
2056,1011,2025-04-22,14,1
2056,1011,2025-04-23,48,1
2056,1011,2025-04-24,40,1
2056,1011,2025-04-25,2,1
2056,1011,2025-04-26,36,1
2056,1008,2025-04-20,34,1
2056,1008,2025-04-21,4,1
2056,1008,2025-04-22,1,1
2056,1008,2025-04-23,41,1
2056,1008,2025-04-24,30,1
2056,1008,2025-04-25,36,1
2056,1008,2025-04-26,41,1
2056,1009,2025-04-20,24,1
2056,1009,2025-04-21,18,1
2056,1009,2025-04-22,43,1
2056,1009,2025-04-23,39,1
2056,1009,2025-04-24,24,1
2056,1009,2025-04-25,28,1
2056,1009,2025-04-26,47,1
2056,1002,2025-04-20,15,1
2056,1002,2025-04-21,43,1
2056,1002,2025-04-22,31,1
2056,1002,2025-04-23,39,1
2056,1002,2025-04-24,16,1
2056,1002,2025-04-25,22,1
2056,1002,2025-04-26,40,1
2056,1015,2025-04-20,29,1
2056,1015,2025-04-21,30,1
2056,1015,2025-04-22,9,1
2056,1015,2025-04-23,29,1
2056,1015,2025-04-24,34,1
2056,1015,2025-04-25,23,1
2056,1015,2025-04-26,14,1
2086,1000,2025-04-20,9,1
2086,1000,2025-04-21,18,1
2086,1000,2025-04-22,40,1
2086,1000,2025-04-23,46,1
2086,1000,2025-04-24,11,1
2086,1000,2025-04-25,24,1
2086,1000,2025-04-26,16,1
2086,1001,2025-04-20,10,1
2086,1001,2025-04-21,23,1
2086,1001,2025-04-22,47,1
2086,1001,2025-04-23,1,1
2086,1001,2025-04-24,27,1
2086,1001,2025-04-25,19,1
2086,1001,2025-04-26,9,1
2086,1005,2025-04-20,2,1
2086,1005,2025-04-21,29,1
2086,1005,2025-04-22,26,1
2086,1005,2025-04-23,45,1
2086,1005,2025-04-24,34,1
2086,1005,2025-04-25,14,1
2086,1005,2025-04-26,25,1
2086,1014,2025-04-20,8,1
2086,1014,2025-04-21,40,1
2086,1014,2025-04-22,22,1
2086,1014,2025-04-23,13,1
2086,1014,2025-04-24,25,1
2086,1014,2025-04-25,26,1
2086,1014,2025-04-26,26,1
2086,1013,2025-04-20,29,1
2086,1013,2025-04-21,46,1
2086,1013,2025-04-22,28,1
2086,1013,2025-04-23,28,1
2086,1013,2025-04-24,24,1
2086,1013,2025-04-25,29,1
2086,1013,2025-04-26,23,1
2086,1011,2025-04-20,21,1
2086,1011,2025-04-21,20,1
2086,1011,2025-04-22,42,1
2086,1011,2025-04-23,25,1
2086,1011,2025-04-24,8,1
2086,1011,2025-04-25,46,1
2086,1011,2025-04-26,33,1
2086,1008,2025-04-20,13,1
2086,1008,2025-04-21,15,1
2086,1008,2025-04-22,13,1
2086,1008,2025-04-23,45,1
2086,1008,2025-04-24,12,1
2086,1008,2025-04-25,36,1
2086,1008,2025-04-26,12,1
2086,1009,2025-04-20,46,1
2086,1009,2025-04-21,42,1
2086,1009,2025-04-22,50,1
2086,1009,2025-04-23,39,1
2086,1009,2025-04-24,23,1
2086,1009,2025-04-25,29,1
2086,1009,2025-04-26,35,1
2086,1002,2025-04-20,48,1
2086,1002,2025-04-21,50,1
2086,1002,2025-04-22,26,1
2086,1002,2025-04-23,23,1
2086,1002,2025-04-24,41,1
2086,1002,2025-04-25,19,1
2086,1002,2025-04-26,13,1
2086,1015,2025-04-20,25,1
2086,1015,2025-04-21,9,1
2086,1015,2025-04-22,30,1
2086,1015,2025-04-23,6,1
2086,1015,2025-04-24,34,1
2086,1015,2025-04-25,41,1
2086,1015,2025-04-26,28,1
2012,1000,2025-04-20,19,1
2012,1000,2025-04-21,49,1
2012,1000,2025-04-22,39,1
2012,1000,2025-04-23,26,1
2012,1000,2025-04-24,3,1
2012,1000,2025-04-25,12,1
2012,1000,2025-04-26,13,1
2012,1001,2025-04-20,21,1
2012,1001,2025-04-21,35,1
2012,1001,2025-04-22,10,1
2012,1001,2025-04-23,42,1
2012,1001,2025-04-24,24,1
2012,1001,2025-04-25,33,1
2012,1001,2025-04-26,27,1
2012,1005,2025-04-20,11,1
2012,1005,2025-04-21,28,1
2012,1005,2025-04-22,1,1
2012,1005,2025-04-23,44,1
2012,1005,2025-04-24,13,1
2012,1005,2025-04-25,24,1
2012,1005,2025-04-26,36,1
2012,1014,2025-04-20,42,1
2012,1014,2025-04-21,11,1
2012,1014,2025-04-22,17,1
2012,1014,2025-04-23,47,1
2012,1014,2025-04-24,43,1
2012,1014,2025-04-25,36,1
2012,1014,2025-04-26,49,1
2012,1013,2025-04-20,9,1
2012,1013,2025-04-21,41,1
2012,1013,2025-04-22,25,1
2012,1013,2025-04-23,36,1
2012,1013,2025-04-24,50,1
2012,1013,2025-04-25,12,1
2012,1013,2025-04-26,9,1
2012,1011,2025-04-20,26,1
2012,1011,2025-04-21,20,1
2012,1011,2025-04-22,29,1
2012,1011,2025-04-23,15,1
2012,1011,2025-04-24,47,1
2012,1011,2025-04-25,8,1
2012,1011,2025-04-26,48,1
2012,1008,2025-04-20,31,1
2012,1008,2025-04-21,20,1
2012,1008,2025-04-22,39,1
2012,1008,2025-04-23,48,1
2012,1008,2025-04-24,39,1
2012,1008,2025-04-25,33,1
2012,1008,2025-04-26,47,1
2012,1009,2025-04-20,40,1
2012,1009,2025-04-21,2,1
2012,1009,2025-04-22,43,1
2012,1009,2025-04-23,6,1
2012,1009,2025-04-24,50,1
2012,1009,2025-04-25,4,1
2012,1009,2025-04-26,5,1
2012,1002,2025-04-20,1,1
2012,1002,2025-04-21,0,0
2012,1002,2025-04-22,3,1
2012,1002,2025-04-23,21,1
2012,1002,2025-04-24,5,1
2012,1002,2025-04-25,20,1
2012,1002,2025-04-26,22,1
2012,1015,2025-04-20,12,1
2012,1015,2025-04-21,47,1
2012,1015,2025-04-22,9,1
2012,1015,2025-04-23,13,1
2012,1015,2025-04-24,19,1
2012,1015,2025-04-25,4,1
2012,1015,2025-04-26,23,1
2004,1000,2025-04-20,39,1
2004,1000,2025-04-21,20,1
2004,1000,2025-04-22,37,1
2004,1000,2025-04-23,28,1
2004,1000,2025-04-24,30,1
2004,1000,2025-04-25,21,1
2004,1000,2025-04-26,45,1
2004,1001,2025-04-20,11,1
2004,1001,2025-04-21,18,1
2004,1001,2025-04-22,19,1
2004,1001,2025-04-23,6,1
2004,1001,2025-04-24,35,1
2004,1001,2025-04-25,10,1
2004,1001,2025-04-26,9,1
2004,1005,2025-04-20,10,1
2004,1005,2025-04-21,26,1
2004,1005,2025-04-22,7,1
2004,1005,2025-04-23,34,1
2004,1005,2025-04-24,39,1
2004,1005,2025-04-25,26,1
2004,1005,2025-04-26,10,1
2004,1014,2025-04-20,35,1
2004,1014,2025-04-21,35,1
2004,1014,2025-04-22,40,1
2004,1014,2025-04-23,30,1
2004,1014,2025-04-24,44,1
2004,1014,2025-04-25,17,1
2004,1014,2025-04-26,44,1
2004,1013,2025-04-20,15,1
2004,1013,2025-04-21,7,1
2004,1013,2025-04-22,42,1
2004,1013,2025-04-23,9,1
2004,1013,2025-04-24,28,1
2004,1013,2025-04-25,6,1
2004,1013,2025-04-26,48,1
2004,1011,2025-04-20,2,1
2004,1011,2025-04-21,8,1
2004,1011,2025-04-22,24,1
2004,1011,2025-04-23,30,1
2004,1011,2025-04-24,24,1
2004,1011,2025-04-25,30,1
2004,1011,2025-04-26,10,1
2004,1008,2025-04-20,49,1
2004,1008,2025-04-21,1,1
2004,1008,2025-04-22,37,1
2004,1008,2025-04-23,44,1
2004,1008,2025-04-24,23,1
2004,1008,2025-04-25,28,1
2004,1008,2025-04-26,37,1
2004,1009,2025-04-20,36,1
2004,1009,2025-04-21,11,1
2004,1009,2025-04-22,28,1
2004,1009,2025-04-23,1,1
2004,1009,2025-04-24,31,1
2004,1009,2025-04-25,42,1
2004,1009,2025-04-26,36,1
2004,1002,2025-04-20,22,1
2004,1002,2025-04-21,21,1
2004,1002,2025-04-22,5,1
2004,1002,2025-04-23,23,1
2004,1002,2025-04-24,4,1
2004,1002,2025-04-25,11,1
2004,1002,2025-04-26,8,1
2004,1015,2025-04-20,39,1
2004,1015,2025-04-21,19,1
2004,1015,2025-04-22,43,1
2004,1015,2025-04-23,25,1
2004,1015,2025-04-24,9,1
2004,1015,2025-04-25,7,1
2004,1015,2025-04-26,50,1
2018,1000,2025-04-20,42,1
2018,1000,2025-04-21,12,1
2018,1000,2025-04-22,40,1
2018,1000,2025-04-23,20,1
2018,1000,2025-04-24,18,1
2018,1000,2025-04-25,45,1
2018,1000,2025-04-26,50,1
2018,1001,2025-04-20,50,1
2018,1001,2025-04-21,5,1
2018,1001,2025-04-22,22,1
2018,1001,2025-04-23,38,1
2018,1001,2025-04-24,31,1
2018,1001,2025-04-25,1,1
2018,1001,2025-04-26,39,1
2018,1005,2025-04-20,37,1
2018,1005,2025-04-21,26,1
2018,1005,2025-04-22,10,1
2018,1005,2025-04-23,23,1
2018,1005,2025-04-24,16,1
2018,1005,2025-04-25,12,1
2018,1005,2025-04-26,32,1
2018,1014,2025-04-20,17,1
2018,1014,2025-04-21,33,1
2018,1014,2025-04-22,1,1
2018,1014,2025-04-23,31,1
2018,1014,2025-04-24,20,1
2018,1014,2025-04-25,10,1
2018,1014,2025-04-26,3,1
2018,1013,2025-04-20,41,1
2018,1013,2025-04-21,15,1
2018,1013,2025-04-22,44,1
2018,1013,2025-04-23,19,1
2018,1013,2025-04-24,16,1
2018,1013,2025-04-25,28,1
2018,1013,2025-04-26,27,1
2018,1011,2025-04-20,21,1
2018,1011,2025-04-21,2,1
2018,1011,2025-04-22,17,1
2018,1011,2025-04-23,47,1
2018,1011,2025-04-24,48,1
2018,1011,2025-04-25,42,1
2018,1011,2025-04-26,29,1
2018,1008,2025-04-20,42,1
2018,1008,2025-04-21,5,1
2018,1008,2025-04-22,21,1
2018,1008,2025-04-23,35,1
2018,1008,2025-04-24,2,1
2018,1008,2025-04-25,8,1
2018,1008,2025-04-26,39,1
2018,1009,2025-04-20,0,0
2018,1009,2025-04-21,47,1
2018,1009,2025-04-22,36,1
2018,1009,2025-04-23,1,1
2018,1009,2025-04-24,19,1
2018,1009,2025-04-25,24,1
2018,1009,2025-04-26,12,1
2018,1002,2025-04-20,30,1
2018,1002,2025-04-21,24,1
2018,1002,2025-04-22,24,1
2018,1002,2025-04-23,2,1
2018,1002,2025-04-24,44,1
2018,1002,2025-04-25,43,1
2018,1002,2025-04-26,17,1
2018,1015,2025-04-20,44,1
2018,1015,2025-04-21,24,1
2018,1015,2025-04-22,21,1
2018,1015,2025-04-23,23,1
2018,1015,2025-04-24,32,1
2018,1015,2025-04-25,50,1
2018,1015,2025-04-26,27,1
2028,1000,2025-04-20,26,1
2028,1000,2025-04-21,45,1
2028,1000,2025-04-22,21,1
2028,1000,2025-04-23,8,1
2028,1000,2025-04-24,22,1
2028,1000,2025-04-25,46,1
2028,1000,2025-04-26,16,1
2028,1001,2025-04-20,35,1
2028,1001,2025-04-21,12,1
2028,1001,2025-04-22,31,1
2028,1001,2025-04-23,18,1
2028,1001,2025-04-24,17,1
2028,1001,2025-04-25,5,1
2028,1001,2025-04-26,28,1
2028,1005,2025-04-20,42,1
2028,1005,2025-04-21,5,1
2028,1005,2025-04-22,42,1
2028,1005,2025-04-23,20,1
2028,1005,2025-04-24,32,1
2028,1005,2025-04-25,7,1
2028,1005,2025-04-26,1,1
2028,1014,2025-04-20,8,1
2028,1014,2025-04-21,48,1
2028,1014,2025-04-22,6,1
2028,1014,2025-04-23,15,1
2028,1014,2025-04-24,4,1
2028,1014,2025-04-25,11,1
2028,1014,2025-04-26,23,1
2028,1013,2025-04-20,4,1
2028,1013,2025-04-21,9,1
2028,1013,2025-04-22,36,1
2028,1013,2025-04-23,15,1
2028,1013,2025-04-24,49,1
2028,1013,2025-04-25,5,1
2028,1013,2025-04-26,4,1
2028,1011,2025-04-20,0,0
2028,1011,2025-04-21,46,1
2028,1011,2025-04-22,0,0
2028,1011,2025-04-23,47,1
2028,1011,2025-04-24,21,1
2028,1011,2025-04-25,39,1
2028,1011,2025-04-26,4,1
2028,1008,2025-04-20,9,1
2028,1008,2025-04-21,37,1
2028,1008,2025-04-22,40,1
2028,1008,2025-04-23,29,1
2028,1008,2025-04-24,40,1
2028,1008,2025-04-25,21,1
2028,1008,2025-04-26,50,1
2028,1009,2025-04-20,42,1
2028,1009,2025-04-21,6,1
2028,1009,2025-04-22,39,1
2028,1009,2025-04-23,7,1
2028,1009,2025-04-24,3,1
2028,1009,2025-04-25,45,1
2028,1009,2025-04-26,8,1
2028,1002,2025-04-20,12,1
2028,1002,2025-04-21,47,1
2028,1002,2025-04-22,5,1
2028,1002,2025-04-23,11,1
2028,1002,2025-04-24,5,1
2028,1002,2025-04-25,45,1
2028,1002,2025-04-26,5,1
2028,1015,2025-04-20,0,0
2028,1015,2025-04-21,27,1
2028,1015,2025-04-22,50,1
2028,1015,2025-04-23,43,1
2028,1015,2025-04-24,14,1
2028,1015,2025-04-25,13,1
2028,1015,2025-04-26,3,1
2049,1000,2025-04-20,45,1
2049,1000,2025-04-21,5,1
2049,1000,2025-04-22,24,1
2049,1000,2025-04-23,20,1
2049,1000,2025-04-24,40,1
2049,1000,2025-04-25,33,1
2049,1000,2025-04-26,12,1
2049,1001,2025-04-20,30,1
2049,1001,2025-04-21,12,1
2049,1001,2025-04-22,45,1
2049,1001,2025-04-23,31,1
2049,1001,2025-04-24,38,1
2049,1001,2025-04-25,45,1
2049,1001,2025-04-26,11,1
2049,1005,2025-04-20,30,1
2049,1005,2025-04-21,18,1
2049,1005,2025-04-22,46,1
2049,1005,2025-04-23,43,1
2049,1005,2025-04-24,37,1
2049,1005,2025-04-25,3,1
2049,1005,2025-04-26,28,1
2049,1014,2025-04-20,11,1
2049,1014,2025-04-21,32,1
2049,1014,2025-04-22,0,0
2049,1014,2025-04-23,5,1
2049,1014,2025-04-24,11,1
2049,1014,2025-04-25,12,1
2049,1014,2025-04-26,16,1
2049,1013,2025-04-20,9,1
2049,1013,2025-04-21,34,1
2049,1013,2025-04-22,36,1
2049,1013,2025-04-23,12,1
2049,1013,2025-04-24,44,1
2049,1013,2025-04-25,7,1
2049,1013,2025-04-26,44,1
2049,1011,2025-04-20,48,1
2049,1011,2025-04-21,4,1
2049,1011,2025-04-22,12,1
2049,1011,2025-04-23,11,1
2049,1011,2025-04-24,20,1
2049,1011,2025-04-25,48,1
2049,1011,2025-04-26,14,1
2049,1008,2025-04-20,10,1
2049,1008,2025-04-21,25,1
2049,1008,2025-04-22,40,1
2049,1008,2025-04-23,37,1
2049,1008,2025-04-24,18,1
2049,1008,2025-04-25,38,1
2049,1008,2025-04-26,26,1
2049,1009,2025-04-20,32,1
2049,1009,2025-04-21,40,1
2049,1009,2025-04-22,18,1
2049,1009,2025-04-23,13,1
2049,1009,2025-04-24,27,1
2049,1009,2025-04-25,16,1
2049,1009,2025-04-26,22,1
2049,1002,2025-04-20,47,1
2049,1002,2025-04-21,15,1
2049,1002,2025-04-22,33,1
2049,1002,2025-04-23,0,0
2049,1002,2025-04-24,41,1
2049,1002,2025-04-25,43,1
2049,1002,2025-04-26,16,1
2049,1015,2025-04-20,18,1
2049,1015,2025-04-21,48,1
2049,1015,2025-04-22,10,1
2049,1015,2025-04-23,4,1
2049,1015,2025-04-24,3,1
2049,1015,2025-04-25,4,1
2049,1015,2025-04-26,31,1
2062,1000,2025-04-20,22,1
2062,1000,2025-04-21,46,1
2062,1000,2025-04-22,3,1
2062,1000,2025-04-23,39,1
2062,1000,2025-04-24,48,1
2062,1000,2025-04-25,27,1
2062,1000,2025-04-26,5,1
2062,1001,2025-04-20,43,1
2062,1001,2025-04-21,48,1
2062,1001,2025-04-22,45,1
2062,1001,2025-04-23,28,1
2062,1001,2025-04-24,0,0
2062,1001,2025-04-25,47,1
2062,1001,2025-04-26,43,1
2062,1005,2025-04-20,5,1
2062,1005,2025-04-21,20,1
2062,1005,2025-04-22,37,1
2062,1005,2025-04-23,49,1
2062,1005,2025-04-24,23,1
2062,1005,2025-04-25,44,1
2062,1005,2025-04-26,43,1
2062,1014,2025-04-20,38,1
2062,1014,2025-04-21,43,1
2062,1014,2025-04-22,4,1
2062,1014,2025-04-23,36,1
2062,1014,2025-04-24,16,1
2062,1014,2025-04-25,46,1
2062,1014,2025-04-26,20,1
2062,1013,2025-04-20,28,1
2062,1013,2025-04-21,22,1
2062,1013,2025-04-22,47,1
2062,1013,2025-04-23,30,1
2062,1013,2025-04-24,23,1
2062,1013,2025-04-25,31,1
2062,1013,2025-04-26,19,1
2062,1011,2025-04-20,48,1
2062,1011,2025-04-21,31,1
2062,1011,2025-04-22,20,1
2062,1011,2025-04-23,34,1
2062,1011,2025-04-24,47,1
2062,1011,2025-04-25,12,1
2062,1011,2025-04-26,14,1
2062,1008,2025-04-20,37,1
2062,1008,2025-04-21,10,1
2062,1008,2025-04-22,2,1
2062,1008,2025-04-23,44,1
2062,1008,2025-04-24,22,1
2062,1008,2025-04-25,26,1
2062,1008,2025-04-26,29,1
2062,1009,2025-04-20,29,1
2062,1009,2025-04-21,20,1
2062,1009,2025-04-22,50,1
2062,1009,2025-04-23,25,1
2062,1009,2025-04-24,29,1
2062,1009,2025-04-25,29,1
2062,1009,2025-04-26,28,1
2062,1002,2025-04-20,9,1
2062,1002,2025-04-21,9,1
2062,1002,2025-04-22,47,1
2062,1002,2025-04-23,48,1
2062,1002,2025-04-24,24,1
2062,1002,2025-04-25,26,1
2062,1002,2025-04-26,1,1
2062,1015,2025-04-20,8,1
2062,1015,2025-04-21,50,1
2062,1015,2025-04-22,20,1
2062,1015,2025-04-23,24,1
2062,1015,2025-04-24,40,1
2062,1015,2025-04-25,9,1
2062,1015,2025-04-26,25,1
2073,1000,2025-04-20,23,1
2073,1000,2025-04-21,0,0
2073,1000,2025-04-22,27,1
2073,1000,2025-04-23,50,1
2073,1000,2025-04-24,42,1
2073,1000,2025-04-25,11,1
2073,1000,2025-04-26,9,1
2073,1001,2025-04-20,37,1
2073,1001,2025-04-21,11,1
2073,1001,2025-04-22,13,1
2073,1001,2025-04-23,6,1
2073,1001,2025-04-24,1,1
2073,1001,2025-04-25,25,1
2073,1001,2025-04-26,30,1
2073,1005,2025-04-20,9,1
2073,1005,2025-04-21,17,1
2073,1005,2025-04-22,21,1
2073,1005,2025-04-23,12,1
2073,1005,2025-04-24,1,1
2073,1005,2025-04-25,31,1
2073,1005,2025-04-26,25,1
2073,1014,2025-04-20,10,1
2073,1014,2025-04-21,19,1
2073,1014,2025-04-22,35,1
2073,1014,2025-04-23,17,1
2073,1014,2025-04-24,14,1
2073,1014,2025-04-25,12,1
2073,1014,2025-04-26,31,1
2073,1013,2025-04-20,38,1
2073,1013,2025-04-21,46,1
2073,1013,2025-04-22,31,1
2073,1013,2025-04-23,27,1
2073,1013,2025-04-24,27,1
2073,1013,2025-04-25,10,1
2073,1013,2025-04-26,31,1
2073,1011,2025-04-20,42,1
2073,1011,2025-04-21,3,1
2073,1011,2025-04-22,22,1
2073,1011,2025-04-23,6,1
2073,1011,2025-04-24,4,1
2073,1011,2025-04-25,20,1
2073,1011,2025-04-26,45,1
2073,1008,2025-04-20,30,1
2073,1008,2025-04-21,38,1
2073,1008,2025-04-22,18,1
2073,1008,2025-04-23,9,1
2073,1008,2025-04-24,15,1
2073,1008,2025-04-25,33,1
2073,1008,2025-04-26,31,1
2073,1009,2025-04-20,13,1
2073,1009,2025-04-21,26,1
2073,1009,2025-04-22,31,1
2073,1009,2025-04-23,0,0
2073,1009,2025-04-24,19,1
2073,1009,2025-04-25,40,1
2073,1009,2025-04-26,10,1
2073,1002,2025-04-20,21,1
2073,1002,2025-04-21,40,1
2073,1002,2025-04-22,19,1
2073,1002,2025-04-23,43,1
2073,1002,2025-04-24,39,1
2073,1002,2025-04-25,27,1
2073,1002,2025-04-26,39,1
2073,1015,2025-04-20,7,1
2073,1015,2025-04-21,38,1
2073,1015,2025-04-22,8,1
2073,1015,2025-04-23,33,1
2073,1015,2025-04-24,18,1
2073,1015,2025-04-25,21,1
2073,1015,2025-04-26,46,1
2069,1000,2025-04-20,23,1
2069,1000,2025-04-21,44,1
2069,1000,2025-04-22,8,1
2069,1000,2025-04-23,23,1
2069,1000,2025-04-24,36,1
2069,1000,2025-04-25,30,1
2069,1000,2025-04-26,4,1
2069,1001,2025-04-20,1,1
2069,1001,2025-04-21,28,1
2069,1001,2025-04-22,23,1
2069,1001,2025-04-23,26,1
2069,1001,2025-04-24,15,1
2069,1001,2025-04-25,13,1
2069,1001,2025-04-26,20,1
2069,1005,2025-04-20,44,1
2069,1005,2025-04-21,14,1
2069,1005,2025-04-22,20,1
2069,1005,2025-04-23,40,1
2069,1005,2025-04-24,30,1
2069,1005,2025-04-25,50,1
2069,1005,2025-04-26,17,1
2069,1014,2025-04-20,35,1
2069,1014,2025-04-21,21,1
2069,1014,2025-04-22,36,1
2069,1014,2025-04-23,50,1
2069,1014,2025-04-24,21,1
2069,1014,2025-04-25,44,1
2069,1014,2025-04-26,12,1
2069,1013,2025-04-20,8,1
2069,1013,2025-04-21,20,1
2069,1013,2025-04-22,50,1
2069,1013,2025-04-23,40,1
2069,1013,2025-04-24,36,1
2069,1013,2025-04-25,14,1
2069,1013,2025-04-26,45,1
2069,1011,2025-04-20,37,1
2069,1011,2025-04-21,39,1
2069,1011,2025-04-22,15,1
2069,1011,2025-04-23,15,1
2069,1011,2025-04-24,31,1
2069,1011,2025-04-25,36,1
2069,1011,2025-04-26,30,1
2069,1008,2025-04-20,1,1
2069,1008,2025-04-21,20,1
2069,1008,2025-04-22,32,1
2069,1008,2025-04-23,6,1
2069,1008,2025-04-24,24,1
2069,1008,2025-04-25,48,1
2069,1008,2025-04-26,9,1
2069,1009,2025-04-20,39,1
2069,1009,2025-04-21,20,1
2069,1009,2025-04-22,5,1
2069,1009,2025-04-23,33,1
2069,1009,2025-04-24,31,1
2069,1009,2025-04-25,29,1
2069,1009,2025-04-26,38,1
2069,1002,2025-04-20,46,1
2069,1002,2025-04-21,17,1
2069,1002,2025-04-22,4,1
2069,1002,2025-04-23,28,1
2069,1002,2025-04-24,24,1
2069,1002,2025-04-25,49,1
2069,1002,2025-04-26,12,1
2069,1015,2025-04-20,50,1
2069,1015,2025-04-21,49,1
2069,1015,2025-04-22,17,1
2069,1015,2025-04-23,45,1
2069,1015,2025-04-24,9,1
2069,1015,2025-04-25,23,1
2069,1015,2025-04-26,49,1
2076,1000,2025-04-20,3,1
2076,1000,2025-04-21,30,1
2076,1000,2025-04-22,15,1
2076,1000,2025-04-23,14,1
2076,1000,2025-04-24,40,1
2076,1000,2025-04-25,0,0
2076,1000,2025-04-26,20,1
2076,1001,2025-04-20,22,1
2076,1001,2025-04-21,39,1
2076,1001,2025-04-22,30,1
2076,1001,2025-04-23,35,1
2076,1001,2025-04-24,9,1
2076,1001,2025-04-25,50,1
2076,1001,2025-04-26,17,1
2076,1005,2025-04-20,20,1
2076,1005,2025-04-21,31,1
2076,1005,2025-04-22,20,1
2076,1005,2025-04-23,38,1
2076,1005,2025-04-24,34,1
2076,1005,2025-04-25,12,1
2076,1005,2025-04-26,41,1
2076,1014,2025-04-20,12,1
2076,1014,2025-04-21,38,1
2076,1014,2025-04-22,38,1
2076,1014,2025-04-23,7,1
2076,1014,2025-04-24,18,1
2076,1014,2025-04-25,46,1
2076,1014,2025-04-26,3,1
2076,1013,2025-04-20,47,1
2076,1013,2025-04-21,12,1
2076,1013,2025-04-22,33,1
2076,1013,2025-04-23,32,1
2076,1013,2025-04-24,18,1
2076,1013,2025-04-25,15,1
2076,1013,2025-04-26,50,1
2076,1011,2025-04-20,24,1
2076,1011,2025-04-21,27,1
2076,1011,2025-04-22,44,1
2076,1011,2025-04-23,0,0
2076,1011,2025-04-24,19,1
2076,1011,2025-04-25,16,1
2076,1011,2025-04-26,13,1
2076,1008,2025-04-20,9,1
2076,1008,2025-04-21,18,1
2076,1008,2025-04-22,1,1
2076,1008,2025-04-23,1,1
2076,1008,2025-04-24,41,1
2076,1008,2025-04-25,41,1
2076,1008,2025-04-26,48,1
2076,1009,2025-04-20,26,1
2076,1009,2025-04-21,5,1
2076,1009,2025-04-22,23,1
2076,1009,2025-04-23,29,1
2076,1009,2025-04-24,49,1
2076,1009,2025-04-25,9,1
2076,1009,2025-04-26,28,1
2076,1002,2025-04-20,40,1
2076,1002,2025-04-21,24,1
2076,1002,2025-04-22,35,1
2076,1002,2025-04-23,10,1
2076,1002,2025-04-24,38,1
2076,1002,2025-04-25,28,1
2076,1002,2025-04-26,48,1
2076,1015,2025-04-20,20,1
2076,1015,2025-04-21,6,1
2076,1015,2025-04-22,17,1
2076,1015,2025-04-23,29,1
2076,1015,2025-04-24,17,1
2076,1015,2025-04-25,12,1
2076,1015,2025-04-26,45,1
2030,1000,2025-04-20,38,1
2030,1000,2025-04-21,29,1
2030,1000,2025-04-22,18,1
2030,1000,2025-04-23,10,1
2030,1000,2025-04-24,37,1
2030,1000,2025-04-25,8,1
2030,1000,2025-04-26,20,1
2030,1001,2025-04-20,1,1
2030,1001,2025-04-21,7,1
2030,1001,2025-04-22,3,1
2030,1001,2025-04-23,20,1
2030,1001,2025-04-24,35,1
2030,1001,2025-04-25,30,1
2030,1001,2025-04-26,23,1
2030,1005,2025-04-20,9,1
2030,1005,2025-04-21,20,1
2030,1005,2025-04-22,46,1
2030,1005,2025-04-23,24,1
2030,1005,2025-04-24,35,1
2030,1005,2025-04-25,1,1
2030,1005,2025-04-26,40,1
2030,1014,2025-04-20,27,1
2030,1014,2025-04-21,41,1
2030,1014,2025-04-22,20,1
2030,1014,2025-04-23,25,1
2030,1014,2025-04-24,11,1
2030,1014,2025-04-25,20,1
2030,1014,2025-04-26,39,1
2030,1013,2025-04-20,48,1
2030,1013,2025-04-21,2,1
2030,1013,2025-04-22,41,1
2030,1013,2025-04-23,18,1
2030,1013,2025-04-24,20,1
2030,1013,2025-04-25,36,1
2030,1013,2025-04-26,48,1
2030,1011,2025-04-20,36,1
2030,1011,2025-04-21,2,1
2030,1011,2025-04-22,32,1
2030,1011,2025-04-23,3,1
2030,1011,2025-04-24,46,1
2030,1011,2025-04-25,45,1
2030,1011,2025-04-26,45,1
2030,1008,2025-04-20,8,1
2030,1008,2025-04-21,31,1
2030,1008,2025-04-22,4,1
2030,1008,2025-04-23,4,1
2030,1008,2025-04-24,8,1
2030,1008,2025-04-25,9,1
2030,1008,2025-04-26,6,1
2030,1009,2025-04-20,33,1
2030,1009,2025-04-21,10,1
2030,1009,2025-04-22,45,1
2030,1009,2025-04-23,15,1
2030,1009,2025-04-24,5,1
2030,1009,2025-04-25,48,1
2030,1009,2025-04-26,23,1
2030,1002,2025-04-20,22,1
2030,1002,2025-04-21,21,1
2030,1002,2025-04-22,5,1
2030,1002,2025-04-23,26,1
2030,1002,2025-04-24,21,1
2030,1002,2025-04-25,48,1
2030,1002,2025-04-26,4,1
2030,1015,2025-04-20,31,1
2030,1015,2025-04-21,25,1
2030,1015,2025-04-22,34,1
2030,1015,2025-04-23,3,1
2030,1015,2025-04-24,33,1
2030,1015,2025-04-25,26,1
2030,1015,2025-04-26,41,1
2033,1000,2025-04-20,50,1
2033,1000,2025-04-21,25,1
2033,1000,2025-04-22,44,1
2033,1000,2025-04-23,9,1
2033,1000,2025-04-24,35,1
2033,1000,2025-04-25,5,1
2033,1000,2025-04-26,13,1
2033,1001,2025-04-20,28,1
2033,1001,2025-04-21,10,1
2033,1001,2025-04-22,7,1
2033,1001,2025-04-23,48,1
2033,1001,2025-04-24,16,1
2033,1001,2025-04-25,14,1
2033,1001,2025-04-26,15,1
2033,1005,2025-04-20,3,1
2033,1005,2025-04-21,41,1
2033,1005,2025-04-22,43,1
2033,1005,2025-04-23,35,1
2033,1005,2025-04-24,1,1
2033,1005,2025-04-25,3,1
2033,1005,2025-04-26,41,1
2033,1014,2025-04-20,44,1
2033,1014,2025-04-21,14,1
2033,1014,2025-04-22,30,1
2033,1014,2025-04-23,2,1
2033,1014,2025-04-24,2,1
2033,1014,2025-04-25,14,1
2033,1014,2025-04-26,48,1
2033,1013,2025-04-20,14,1
2033,1013,2025-04-21,9,1
2033,1013,2025-04-22,8,1
2033,1013,2025-04-23,32,1
2033,1013,2025-04-24,20,1
2033,1013,2025-04-25,20,1
2033,1013,2025-04-26,24,1
2033,1011,2025-04-20,48,1
2033,1011,2025-04-21,40,1
2033,1011,2025-04-22,42,1
2033,1011,2025-04-23,25,1
2033,1011,2025-04-24,1,1
2033,1011,2025-04-25,32,1
2033,1011,2025-04-26,48,1
2033,1008,2025-04-20,18,1
2033,1008,2025-04-21,31,1
2033,1008,2025-04-22,1,1
2033,1008,2025-04-23,42,1
2033,1008,2025-04-24,45,1
2033,1008,2025-04-25,44,1
2033,1008,2025-04-26,26,1
2033,1009,2025-04-20,35,1
2033,1009,2025-04-21,4,1
2033,1009,2025-04-22,2,1
2033,1009,2025-04-23,12,1
2033,1009,2025-04-24,37,1
2033,1009,2025-04-25,2,1
2033,1009,2025-04-26,13,1
2033,1002,2025-04-20,14,1
2033,1002,2025-04-21,37,1
2033,1002,2025-04-22,31,1
2033,1002,2025-04-23,0,0
2033,1002,2025-04-24,22,1
2033,1002,2025-04-25,44,1
2033,1002,2025-04-26,5,1
2033,1015,2025-04-20,37,1
2033,1015,2025-04-21,23,1
2033,1015,2025-04-22,32,1
2033,1015,2025-04-23,10,1
2033,1015,2025-04-24,25,1
2033,1015,2025-04-25,13,1
2033,1015,2025-04-26,9,1
2011,1000,2025-04-20,34,1
2011,1000,2025-04-21,0,0
2011,1000,2025-04-22,40,1
2011,1000,2025-04-23,47,1
2011,1000,2025-04-24,39,1
2011,1000,2025-04-25,18,1
2011,1000,2025-04-26,17,1
2011,1001,2025-04-20,35,1
2011,1001,2025-04-21,23,1
2011,1001,2025-04-22,32,1
2011,1001,2025-04-23,24,1
2011,1001,2025-04-24,10,1
2011,1001,2025-04-25,12,1
2011,1001,2025-04-26,48,1
2011,1005,2025-04-20,38,1
2011,1005,2025-04-21,16,1
2011,1005,2025-04-22,21,1
2011,1005,2025-04-23,12,1
2011,1005,2025-04-24,20,1
2011,1005,2025-04-25,16,1
2011,1005,2025-04-26,25,1
2011,1014,2025-04-20,7,1
2011,1014,2025-04-21,41,1
2011,1014,2025-04-22,18,1
2011,1014,2025-04-23,28,1
2011,1014,2025-04-24,1,1
2011,1014,2025-04-25,28,1
2011,1014,2025-04-26,38,1
2011,1013,2025-04-20,41,1
2011,1013,2025-04-21,42,1
2011,1013,2025-04-22,32,1
2011,1013,2025-04-23,49,1
2011,1013,2025-04-24,25,1
2011,1013,2025-04-25,13,1
2011,1013,2025-04-26,11,1
2011,1011,2025-04-20,7,1
2011,1011,2025-04-21,2,1
2011,1011,2025-04-22,24,1
2011,1011,2025-04-23,6,1
2011,1011,2025-04-24,47,1
2011,1011,2025-04-25,13,1
2011,1011,2025-04-26,12,1
2011,1008,2025-04-20,48,1
2011,1008,2025-04-21,36,1
2011,1008,2025-04-22,47,1
2011,1008,2025-04-23,47,1
2011,1008,2025-04-24,19,1
2011,1008,2025-04-25,44,1
2011,1008,2025-04-26,43,1
2011,1009,2025-04-20,13,1
2011,1009,2025-04-21,37,1
2011,1009,2025-04-22,19,1
2011,1009,2025-04-23,23,1
2011,1009,2025-04-24,29,1
2011,1009,2025-04-25,3,1
2011,1009,2025-04-26,41,1
2011,1002,2025-04-20,40,1
2011,1002,2025-04-21,14,1
2011,1002,2025-04-22,36,1
2011,1002,2025-04-23,16,1
2011,1002,2025-04-24,13,1
2011,1002,2025-04-25,32,1
2011,1002,2025-04-26,1,1
2011,1015,2025-04-20,19,1
2011,1015,2025-04-21,0,0
2011,1015,2025-04-22,13,1
2011,1015,2025-04-23,11,1
2011,1015,2025-04-24,21,1
2011,1015,2025-04-25,13,1
2011,1015,2025-04-26,31,1
2066,1000,2025-04-20,46,1
2066,1000,2025-04-21,24,1
2066,1000,2025-04-22,46,1
2066,1000,2025-04-23,20,1
2066,1000,2025-04-24,29,1
2066,1000,2025-04-25,25,1
2066,1000,2025-04-26,38,1
2066,1001,2025-04-20,48,1
2066,1001,2025-04-21,10,1
2066,1001,2025-04-22,31,1
2066,1001,2025-04-23,30,1
2066,1001,2025-04-24,35,1
2066,1001,2025-04-25,38,1
2066,1001,2025-04-26,18,1
2066,1005,2025-04-20,50,1
2066,1005,2025-04-21,42,1
2066,1005,2025-04-22,15,1
2066,1005,2025-04-23,4,1
2066,1005,2025-04-24,39,1
2066,1005,2025-04-25,6,1
2066,1005,2025-04-26,0,0
2066,1014,2025-04-20,1,1
2066,1014,2025-04-21,39,1
2066,1014,2025-04-22,3,1
2066,1014,2025-04-23,0,0
2066,1014,2025-04-24,17,1
2066,1014,2025-04-25,0,0
2066,1014,2025-04-26,19,1
2066,1013,2025-04-20,28,1
2066,1013,2025-04-21,24,1
2066,1013,2025-04-22,46,1
2066,1013,2025-04-23,36,1
2066,1013,2025-04-24,10,1
2066,1013,2025-04-25,6,1
2066,1013,2025-04-26,3,1
2066,1011,2025-04-20,23,1
2066,1011,2025-04-21,13,1
2066,1011,2025-04-22,41,1
2066,1011,2025-04-23,12,1
2066,1011,2025-04-24,27,1
2066,1011,2025-04-25,47,1
2066,1011,2025-04-26,23,1
2066,1008,2025-04-20,4,1
2066,1008,2025-04-21,17,1
2066,1008,2025-04-22,26,1
2066,1008,2025-04-23,41,1
2066,1008,2025-04-24,1,1
2066,1008,2025-04-25,19,1
2066,1008,2025-04-26,49,1
2066,1009,2025-04-20,2,1
2066,1009,2025-04-21,7,1
2066,1009,2025-04-22,19,1
2066,1009,2025-04-23,9,1
2066,1009,2025-04-24,16,1
2066,1009,2025-04-25,29,1
2066,1009,2025-04-26,13,1
2066,1002,2025-04-20,7,1
2066,1002,2025-04-21,40,1
2066,1002,2025-04-22,47,1
2066,1002,2025-04-23,43,1
2066,1002,2025-04-24,50,1
2066,1002,2025-04-25,1,1
2066,1002,2025-04-26,30,1
2066,1015,2025-04-20,11,1
2066,1015,2025-04-21,0,0
2066,1015,2025-04-22,7,1
2066,1015,2025-04-23,5,1
2066,1015,2025-04-24,46,1
2066,1015,2025-04-25,15,1
2066,1015,2025-04-26,29,1
2067,1000,2025-04-20,37,1
2067,1000,2025-04-21,44,1
2067,1000,2025-04-22,35,1
2067,1000,2025-04-23,17,1
2067,1000,2025-04-24,17,1
2067,1000,2025-04-25,1,1
2067,1000,2025-04-26,44,1
2067,1001,2025-04-20,36,1
2067,1001,2025-04-21,30,1
2067,1001,2025-04-22,4,1
2067,1001,2025-04-23,46,1
2067,1001,2025-04-24,44,1
2067,1001,2025-04-25,9,1
2067,1001,2025-04-26,13,1
2067,1005,2025-04-20,4,1
2067,1005,2025-04-21,25,1
2067,1005,2025-04-22,43,1
2067,1005,2025-04-23,24,1
2067,1005,2025-04-24,1,1
2067,1005,2025-04-25,2,1
2067,1005,2025-04-26,31,1
2067,1014,2025-04-20,27,1
2067,1014,2025-04-21,29,1
2067,1014,2025-04-22,26,1
2067,1014,2025-04-23,11,1
2067,1014,2025-04-24,0,0
2067,1014,2025-04-25,36,1
2067,1014,2025-04-26,2,1
2067,1013,2025-04-20,42,1
2067,1013,2025-04-21,4,1
2067,1013,2025-04-22,49,1
2067,1013,2025-04-23,17,1
2067,1013,2025-04-24,45,1
2067,1013,2025-04-25,18,1
2067,1013,2025-04-26,46,1
2067,1011,2025-04-20,30,1
2067,1011,2025-04-21,12,1
2067,1011,2025-04-22,17,1
2067,1011,2025-04-23,1,1
2067,1011,2025-04-24,42,1
2067,1011,2025-04-25,17,1
2067,1011,2025-04-26,12,1
2067,1008,2025-04-20,15,1
2067,1008,2025-04-21,44,1
2067,1008,2025-04-22,28,1
2067,1008,2025-04-23,0,0
2067,1008,2025-04-24,41,1
2067,1008,2025-04-25,2,1
2067,1008,2025-04-26,36,1
2067,1009,2025-04-20,27,1
2067,1009,2025-04-21,35,1
2067,1009,2025-04-22,44,1
2067,1009,2025-04-23,31,1
2067,1009,2025-04-24,50,1
2067,1009,2025-04-25,14,1
2067,1009,2025-04-26,45,1
2067,1002,2025-04-20,47,1
2067,1002,2025-04-21,3,1
2067,1002,2025-04-22,18,1
2067,1002,2025-04-23,23,1
2067,1002,2025-04-24,5,1
2067,1002,2025-04-25,38,1
2067,1002,2025-04-26,23,1
2067,1015,2025-04-20,29,1
2067,1015,2025-04-21,30,1
2067,1015,2025-04-22,34,1
2067,1015,2025-04-23,10,1
2067,1015,2025-04-24,23,1
2067,1015,2025-04-25,42,1
2067,1015,2025-04-26,23,1
2031,1000,2025-04-20,46,1
2031,1000,2025-04-21,35,1
2031,1000,2025-04-22,34,1
2031,1000,2025-04-23,9,1
2031,1000,2025-04-24,20,1
2031,1000,2025-04-25,47,1
2031,1000,2025-04-26,40,1
2031,1001,2025-04-20,22,1
2031,1001,2025-04-21,26,1
2031,1001,2025-04-22,11,1
2031,1001,2025-04-23,37,1
2031,1001,2025-04-24,25,1
2031,1001,2025-04-25,23,1
2031,1001,2025-04-26,29,1
2031,1005,2025-04-20,22,1
2031,1005,2025-04-21,49,1
2031,1005,2025-04-22,18,1
2031,1005,2025-04-23,9,1
2031,1005,2025-04-24,43,1
2031,1005,2025-04-25,48,1
2031,1005,2025-04-26,31,1
2031,1014,2025-04-20,43,1
2031,1014,2025-04-21,34,1
2031,1014,2025-04-22,26,1
2031,1014,2025-04-23,23,1
2031,1014,2025-04-24,27,1
2031,1014,2025-04-25,5,1
2031,1014,2025-04-26,38,1
2031,1013,2025-04-20,16,1
2031,1013,2025-04-21,8,1
2031,1013,2025-04-22,21,1
2031,1013,2025-04-23,22,1
2031,1013,2025-04-24,41,1
2031,1013,2025-04-25,29,1
2031,1013,2025-04-26,28,1
2031,1011,2025-04-20,48,1
2031,1011,2025-04-21,34,1
2031,1011,2025-04-22,43,1
2031,1011,2025-04-23,10,1
2031,1011,2025-04-24,2,1
2031,1011,2025-04-25,21,1
2031,1011,2025-04-26,32,1
2031,1008,2025-04-20,40,1
2031,1008,2025-04-21,9,1
2031,1008,2025-04-22,38,1
2031,1008,2025-04-23,21,1
2031,1008,2025-04-24,34,1
2031,1008,2025-04-25,40,1
2031,1008,2025-04-26,47,1
2031,1009,2025-04-20,10,1
2031,1009,2025-04-21,36,1
2031,1009,2025-04-22,8,1
2031,1009,2025-04-23,50,1
2031,1009,2025-04-24,13,1
2031,1009,2025-04-25,44,1
2031,1009,2025-04-26,25,1
2031,1002,2025-04-20,5,1
2031,1002,2025-04-21,26,1
2031,1002,2025-04-22,7,1
2031,1002,2025-04-23,32,1
2031,1002,2025-04-24,34,1
2031,1002,2025-04-25,2,1
2031,1002,2025-04-26,33,1
2031,1015,2025-04-20,6,1
2031,1015,2025-04-21,36,1
2031,1015,2025-04-22,0,0
2031,1015,2025-04-23,16,1
2031,1015,2025-04-24,35,1
2031,1015,2025-04-25,42,1
2031,1015,2025-04-26,10,1
2075,1000,2025-04-20,47,1
2075,1000,2025-04-21,14,1
2075,1000,2025-04-22,43,1
2075,1000,2025-04-23,45,1
2075,1000,2025-04-24,50,1
2075,1000,2025-04-25,21,1
2075,1000,2025-04-26,31,1
2075,1001,2025-04-20,7,1
2075,1001,2025-04-21,20,1
2075,1001,2025-04-22,46,1
2075,1001,2025-04-23,23,1
2075,1001,2025-04-24,35,1
2075,1001,2025-04-25,25,1
2075,1001,2025-04-26,33,1
2075,1005,2025-04-20,42,1
2075,1005,2025-04-21,25,1
2075,1005,2025-04-22,14,1
2075,1005,2025-04-23,36,1
2075,1005,2025-04-24,22,1
2075,1005,2025-04-25,47,1
2075,1005,2025-04-26,26,1
2075,1014,2025-04-20,44,1
2075,1014,2025-04-21,48,1
2075,1014,2025-04-22,6,1
2075,1014,2025-04-23,14,1
2075,1014,2025-04-24,40,1
2075,1014,2025-04-25,41,1
2075,1014,2025-04-26,29,1
2075,1013,2025-04-20,9,1
2075,1013,2025-04-21,44,1
2075,1013,2025-04-22,48,1
2075,1013,2025-04-23,12,1
2075,1013,2025-04-24,45,1
2075,1013,2025-04-25,0,0
2075,1013,2025-04-26,50,1
2075,1011,2025-04-20,32,1
2075,1011,2025-04-21,6,1
2075,1011,2025-04-22,31,1
2075,1011,2025-04-23,9,1
2075,1011,2025-04-24,4,1
2075,1011,2025-04-25,44,1
2075,1011,2025-04-26,19,1
2075,1008,2025-04-20,15,1
2075,1008,2025-04-21,48,1
2075,1008,2025-04-22,25,1
2075,1008,2025-04-23,19,1
2075,1008,2025-04-24,13,1
2075,1008,2025-04-25,34,1
2075,1008,2025-04-26,40,1
2075,1009,2025-04-20,6,1
2075,1009,2025-04-21,12,1
2075,1009,2025-04-22,1,1
2075,1009,2025-04-23,1,1
2075,1009,2025-04-24,1,1
2075,1009,2025-04-25,18,1
2075,1009,2025-04-26,7,1
2075,1002,2025-04-20,13,1
2075,1002,2025-04-21,11,1
2075,1002,2025-04-22,49,1
2075,1002,2025-04-23,43,1
2075,1002,2025-04-24,4,1
2075,1002,2025-04-25,4,1
2075,1002,2025-04-26,16,1
2075,1015,2025-04-20,28,1
2075,1015,2025-04-21,7,1
2075,1015,2025-04-22,27,1
2075,1015,2025-04-23,22,1
2075,1015,2025-04-24,42,1
2075,1015,2025-04-25,25,1
2075,1015,2025-04-26,0,0
2009,1000,2025-04-20,44,1
2009,1000,2025-04-21,38,1
2009,1000,2025-04-22,19,1
2009,1000,2025-04-23,21,1
2009,1000,2025-04-24,24,1
2009,1000,2025-04-25,23,1
2009,1000,2025-04-26,13,1
2009,1001,2025-04-20,19,1
2009,1001,2025-04-21,27,1
2009,1001,2025-04-22,39,1
2009,1001,2025-04-23,37,1
2009,1001,2025-04-24,30,1
2009,1001,2025-04-25,40,1
2009,1001,2025-04-26,39,1
2009,1005,2025-04-20,37,1
2009,1005,2025-04-21,2,1
2009,1005,2025-04-22,43,1
2009,1005,2025-04-23,31,1
2009,1005,2025-04-24,2,1
2009,1005,2025-04-25,31,1
2009,1005,2025-04-26,20,1
2009,1014,2025-04-20,22,1
2009,1014,2025-04-21,1,1
2009,1014,2025-04-22,16,1
2009,1014,2025-04-23,44,1
2009,1014,2025-04-24,30,1
2009,1014,2025-04-25,24,1
2009,1014,2025-04-26,48,1
2009,1013,2025-04-20,34,1
2009,1013,2025-04-21,49,1
2009,1013,2025-04-22,6,1
2009,1013,2025-04-23,27,1
2009,1013,2025-04-24,44,1
2009,1013,2025-04-25,37,1
2009,1013,2025-04-26,39,1
2009,1011,2025-04-20,22,1
2009,1011,2025-04-21,43,1
2009,1011,2025-04-22,31,1
2009,1011,2025-04-23,1,1
2009,1011,2025-04-24,24,1
2009,1011,2025-04-25,2,1
2009,1011,2025-04-26,31,1
2009,1008,2025-04-20,48,1
2009,1008,2025-04-21,5,1
2009,1008,2025-04-22,30,1
2009,1008,2025-04-23,16,1
2009,1008,2025-04-24,34,1
2009,1008,2025-04-25,5,1
2009,1008,2025-04-26,5,1
2009,1009,2025-04-20,15,1
2009,1009,2025-04-21,46,1
2009,1009,2025-04-22,45,1
2009,1009,2025-04-23,40,1
2009,1009,2025-04-24,6,1
2009,1009,2025-04-25,29,1
2009,1009,2025-04-26,24,1
2009,1002,2025-04-20,47,1
2009,1002,2025-04-21,21,1
2009,1002,2025-04-22,15,1
2009,1002,2025-04-23,38,1
2009,1002,2025-04-24,30,1
2009,1002,2025-04-25,2,1
2009,1002,2025-04-26,20,1
2009,1015,2025-04-20,19,1
2009,1015,2025-04-21,35,1
2009,1015,2025-04-22,49,1
2009,1015,2025-04-23,45,1
2009,1015,2025-04-24,28,1
2009,1015,2025-04-25,13,1
2009,1015,2025-04-26,39,1
2068,1000,2025-04-20,26,1
2068,1000,2025-04-21,6,1
2068,1000,2025-04-22,0,0
2068,1000,2025-04-23,43,1
2068,1000,2025-04-24,8,1
2068,1000,2025-04-25,37,1
2068,1000,2025-04-26,43,1
2068,1001,2025-04-20,49,1
2068,1001,2025-04-21,1,1
2068,1001,2025-04-22,32,1
2068,1001,2025-04-23,28,1
2068,1001,2025-04-24,4,1
2068,1001,2025-04-25,32,1
2068,1001,2025-04-26,11,1
2068,1005,2025-04-20,29,1
2068,1005,2025-04-21,17,1
2068,1005,2025-04-22,44,1
2068,1005,2025-04-23,36,1
2068,1005,2025-04-24,24,1
2068,1005,2025-04-25,34,1
2068,1005,2025-04-26,41,1
2068,1014,2025-04-20,46,1
2068,1014,2025-04-21,3,1
2068,1014,2025-04-22,16,1
2068,1014,2025-04-23,37,1
2068,1014,2025-04-24,7,1
2068,1014,2025-04-25,44,1
2068,1014,2025-04-26,33,1
2068,1013,2025-04-20,31,1
2068,1013,2025-04-21,11,1
2068,1013,2025-04-22,28,1
2068,1013,2025-04-23,18,1
2068,1013,2025-04-24,10,1
2068,1013,2025-04-25,2,1
2068,1013,2025-04-26,18,1
2068,1011,2025-04-20,38,1
2068,1011,2025-04-21,21,1
2068,1011,2025-04-22,27,1
2068,1011,2025-04-23,7,1
2068,1011,2025-04-24,43,1
2068,1011,2025-04-25,9,1
2068,1011,2025-04-26,4,1
2068,1008,2025-04-20,12,1
2068,1008,2025-04-21,30,1
2068,1008,2025-04-22,31,1
2068,1008,2025-04-23,15,1
2068,1008,2025-04-24,0,0
2068,1008,2025-04-25,24,1
2068,1008,2025-04-26,49,1
2068,1009,2025-04-20,47,1
2068,1009,2025-04-21,41,1
2068,1009,2025-04-22,11,1
2068,1009,2025-04-23,49,1
2068,1009,2025-04-24,24,1
2068,1009,2025-04-25,2,1
2068,1009,2025-04-26,19,1
2068,1002,2025-04-20,11,1
2068,1002,2025-04-21,14,1
2068,1002,2025-04-22,21,1
2068,1002,2025-04-23,43,1
2068,1002,2025-04-24,37,1
2068,1002,2025-04-25,31,1
2068,1002,2025-04-26,14,1
2068,1015,2025-04-20,45,1
2068,1015,2025-04-21,28,1
2068,1015,2025-04-22,44,1
2068,1015,2025-04-23,7,1
2068,1015,2025-04-24,6,1
2068,1015,2025-04-25,10,1
2068,1015,2025-04-26,8,1
2005,1000,2025-04-20,8,1
2005,1000,2025-04-21,47,1
2005,1000,2025-04-22,38,1
2005,1000,2025-04-23,36,1
2005,1000,2025-04-24,1,1
2005,1000,2025-04-25,28,1
2005,1000,2025-04-26,31,1
2005,1001,2025-04-20,23,1
2005,1001,2025-04-21,50,1
2005,1001,2025-04-22,44,1
2005,1001,2025-04-23,27,1
2005,1001,2025-04-24,1,1
2005,1001,2025-04-25,45,1
2005,1001,2025-04-26,33,1
2005,1005,2025-04-20,44,1
2005,1005,2025-04-21,23,1
2005,1005,2025-04-22,40,1
2005,1005,2025-04-23,34,1
2005,1005,2025-04-24,6,1
2005,1005,2025-04-25,26,1
2005,1005,2025-04-26,30,1
2005,1014,2025-04-20,2,1
2005,1014,2025-04-21,17,1
2005,1014,2025-04-22,27,1
2005,1014,2025-04-23,35,1
2005,1014,2025-04-24,44,1
2005,1014,2025-04-25,27,1
2005,1014,2025-04-26,4,1
2005,1013,2025-04-20,4,1
2005,1013,2025-04-21,5,1
2005,1013,2025-04-22,16,1
2005,1013,2025-04-23,42,1
2005,1013,2025-04-24,22,1
2005,1013,2025-04-25,30,1
2005,1013,2025-04-26,25,1
2005,1011,2025-04-20,32,1
2005,1011,2025-04-21,15,1
2005,1011,2025-04-22,8,1
2005,1011,2025-04-23,7,1
2005,1011,2025-04-24,1,1
2005,1011,2025-04-25,10,1
2005,1011,2025-04-26,5,1
2005,1008,2025-04-20,36,1
2005,1008,2025-04-21,11,1
2005,1008,2025-04-22,42,1
2005,1008,2025-04-23,12,1
2005,1008,2025-04-24,28,1
2005,1008,2025-04-25,42,1
2005,1008,2025-04-26,34,1
2005,1009,2025-04-20,23,1
2005,1009,2025-04-21,35,1
2005,1009,2025-04-22,16,1
2005,1009,2025-04-23,30,1
2005,1009,2025-04-24,4,1
2005,1009,2025-04-25,50,1
2005,1009,2025-04-26,42,1
2005,1002,2025-04-20,11,1
2005,1002,2025-04-21,37,1
2005,1002,2025-04-22,26,1
2005,1002,2025-04-23,7,1
2005,1002,2025-04-24,35,1
2005,1002,2025-04-25,2,1
2005,1002,2025-04-26,14,1
2005,1015,2025-04-20,12,1
2005,1015,2025-04-21,9,1
2005,1015,2025-04-22,19,1
2005,1015,2025-04-23,8,1
2005,1015,2025-04-24,47,1
2005,1015,2025-04-25,44,1
2005,1015,2025-04-26,25,1
2042,1000,2025-04-20,0,0
2042,1000,2025-04-21,23,1
2042,1000,2025-04-22,3,1
2042,1000,2025-04-23,32,1
2042,1000,2025-04-24,50,1
2042,1000,2025-04-25,0,0
2042,1000,2025-04-26,7,1
2042,1001,2025-04-20,33,1
2042,1001,2025-04-21,42,1
2042,1001,2025-04-22,17,1
2042,1001,2025-04-23,37,1
2042,1001,2025-04-24,33,1
2042,1001,2025-04-25,0,0
2042,1001,2025-04-26,19,1
2042,1005,2025-04-20,8,1
2042,1005,2025-04-21,20,1
2042,1005,2025-04-22,15,1
2042,1005,2025-04-23,30,1
2042,1005,2025-04-24,13,1
2042,1005,2025-04-25,12,1
2042,1005,2025-04-26,42,1
2042,1014,2025-04-20,30,1
2042,1014,2025-04-21,30,1
2042,1014,2025-04-22,30,1
2042,1014,2025-04-23,13,1
2042,1014,2025-04-24,6,1
2042,1014,2025-04-25,11,1
2042,1014,2025-04-26,24,1
2042,1013,2025-04-20,35,1
2042,1013,2025-04-21,40,1
2042,1013,2025-04-22,40,1
2042,1013,2025-04-23,34,1
2042,1013,2025-04-24,4,1
2042,1013,2025-04-25,9,1
2042,1013,2025-04-26,42,1
2042,1011,2025-04-20,8,1
2042,1011,2025-04-21,32,1
2042,1011,2025-04-22,9,1
2042,1011,2025-04-23,48,1
2042,1011,2025-04-24,4,1
2042,1011,2025-04-25,30,1
2042,1011,2025-04-26,32,1
2042,1008,2025-04-20,4,1
2042,1008,2025-04-21,36,1
2042,1008,2025-04-22,10,1
2042,1008,2025-04-23,15,1
2042,1008,2025-04-24,40,1
2042,1008,2025-04-25,48,1
2042,1008,2025-04-26,26,1
2042,1009,2025-04-20,40,1
2042,1009,2025-04-21,23,1
2042,1009,2025-04-22,14,1
2042,1009,2025-04-23,16,1
2042,1009,2025-04-24,26,1
2042,1009,2025-04-25,3,1
2042,1009,2025-04-26,48,1
2042,1002,2025-04-20,27,1
2042,1002,2025-04-21,2,1
2042,1002,2025-04-22,20,1
2042,1002,2025-04-23,49,1
2042,1002,2025-04-24,25,1
2042,1002,2025-04-25,1,1
2042,1002,2025-04-26,12,1
2042,1015,2025-04-20,42,1
2042,1015,2025-04-21,46,1
2042,1015,2025-04-22,23,1
2042,1015,2025-04-23,25,1
2042,1015,2025-04-24,28,1
2042,1015,2025-04-25,38,1
2042,1015,2025-04-26,14,1
2047,1000,2025-04-20,47,1
2047,1000,2025-04-21,8,1
2047,1000,2025-04-22,30,1
2047,1000,2025-04-23,39,1
2047,1000,2025-04-24,50,1
2047,1000,2025-04-25,32,1
2047,1000,2025-04-26,26,1
2047,1001,2025-04-20,41,1
2047,1001,2025-04-21,48,1
2047,1001,2025-04-22,40,1
2047,1001,2025-04-23,10,1
2047,1001,2025-04-24,15,1
2047,1001,2025-04-25,38,1
2047,1001,2025-04-26,33,1
2047,1005,2025-04-20,18,1
2047,1005,2025-04-21,31,1
2047,1005,2025-04-22,49,1
2047,1005,2025-04-23,4,1
2047,1005,2025-04-24,27,1
2047,1005,2025-04-25,38,1
2047,1005,2025-04-26,1,1
2047,1014,2025-04-20,26,1
2047,1014,2025-04-21,4,1
2047,1014,2025-04-22,35,1
2047,1014,2025-04-23,5,1
2047,1014,2025-04-24,45,1
2047,1014,2025-04-25,49,1
2047,1014,2025-04-26,9,1
2047,1013,2025-04-20,49,1
2047,1013,2025-04-21,41,1
2047,1013,2025-04-22,2,1
2047,1013,2025-04-23,23,1
2047,1013,2025-04-24,17,1
2047,1013,2025-04-25,25,1
2047,1013,2025-04-26,17,1
2047,1011,2025-04-20,29,1
2047,1011,2025-04-21,41,1
2047,1011,2025-04-22,21,1
2047,1011,2025-04-23,19,1
2047,1011,2025-04-24,34,1
2047,1011,2025-04-25,38,1
2047,1011,2025-04-26,20,1
2047,1008,2025-04-20,19,1
2047,1008,2025-04-21,30,1
2047,1008,2025-04-22,32,1
2047,1008,2025-04-23,31,1
2047,1008,2025-04-24,24,1
2047,1008,2025-04-25,48,1
2047,1008,2025-04-26,44,1
2047,1009,2025-04-20,37,1
2047,1009,2025-04-21,44,1
2047,1009,2025-04-22,35,1
2047,1009,2025-04-23,43,1
2047,1009,2025-04-24,38,1
2047,1009,2025-04-25,38,1
2047,1009,2025-04-26,42,1
2047,1002,2025-04-20,50,1
2047,1002,2025-04-21,36,1
2047,1002,2025-04-22,8,1
2047,1002,2025-04-23,30,1
2047,1002,2025-04-24,21,1
2047,1002,2025-04-25,5,1
2047,1002,2025-04-26,44,1
2047,1015,2025-04-20,31,1
2047,1015,2025-04-21,21,1
2047,1015,2025-04-22,34,1
2047,1015,2025-04-23,33,1
2047,1015,2025-04-24,39,1
2047,1015,2025-04-25,40,1
2047,1015,2025-04-26,4,1
2016,1000,2025-04-20,16,1
2016,1000,2025-04-21,40,1
2016,1000,2025-04-22,17,1
2016,1000,2025-04-23,17,1
2016,1000,2025-04-24,18,1
2016,1000,2025-04-25,38,1
2016,1000,2025-04-26,32,1
2016,1001,2025-04-20,14,1
2016,1001,2025-04-21,20,1
2016,1001,2025-04-22,20,1
2016,1001,2025-04-23,15,1
2016,1001,2025-04-24,36,1
2016,1001,2025-04-25,12,1
2016,1001,2025-04-26,22,1
2016,1005,2025-04-20,19,1
2016,1005,2025-04-21,12,1
2016,1005,2025-04-22,21,1
2016,1005,2025-04-23,33,1
2016,1005,2025-04-24,43,1
2016,1005,2025-04-25,26,1
2016,1005,2025-04-26,17,1
2016,1014,2025-04-20,16,1
2016,1014,2025-04-21,38,1
2016,1014,2025-04-22,27,1
2016,1014,2025-04-23,42,1
2016,1014,2025-04-24,42,1
2016,1014,2025-04-25,12,1
2016,1014,2025-04-26,49,1
2016,1013,2025-04-20,39,1
2016,1013,2025-04-21,50,1
2016,1013,2025-04-22,8,1
2016,1013,2025-04-23,49,1
2016,1013,2025-04-24,44,1
2016,1013,2025-04-25,18,1
2016,1013,2025-04-26,12,1
2016,1011,2025-04-20,43,1
2016,1011,2025-04-21,43,1
2016,1011,2025-04-22,23,1
2016,1011,2025-04-23,45,1
2016,1011,2025-04-24,34,1
2016,1011,2025-04-25,35,1
2016,1011,2025-04-26,20,1
2016,1008,2025-04-20,13,1
2016,1008,2025-04-21,29,1
2016,1008,2025-04-22,37,1
2016,1008,2025-04-23,33,1
2016,1008,2025-04-24,11,1
2016,1008,2025-04-25,7,1
2016,1008,2025-04-26,46,1
2016,1009,2025-04-20,46,1
2016,1009,2025-04-21,18,1
2016,1009,2025-04-22,40,1
2016,1009,2025-04-23,15,1
2016,1009,2025-04-24,13,1
2016,1009,2025-04-25,38,1
2016,1009,2025-04-26,50,1
2016,1002,2025-04-20,40,1
2016,1002,2025-04-21,21,1
2016,1002,2025-04-22,11,1
2016,1002,2025-04-23,41,1
2016,1002,2025-04-24,31,1
2016,1002,2025-04-25,23,1
2016,1002,2025-04-26,15,1
2016,1015,2025-04-20,25,1
2016,1015,2025-04-21,30,1
2016,1015,2025-04-22,45,1
2016,1015,2025-04-23,17,1
2016,1015,2025-04-24,36,1
2016,1015,2025-04-25,29,1
2016,1015,2025-04-26,34,1
2045,1000,2025-04-20,21,1
2045,1000,2025-04-21,9,1
2045,1000,2025-04-22,16,1
2045,1000,2025-04-23,38,1
2045,1000,2025-04-24,4,1
2045,1000,2025-04-25,16,1
2045,1000,2025-04-26,7,1
2045,1001,2025-04-20,24,1
2045,1001,2025-04-21,35,1
2045,1001,2025-04-22,25,1
2045,1001,2025-04-23,0,0
2045,1001,2025-04-24,4,1
2045,1001,2025-04-25,12,1
2045,1001,2025-04-26,16,1
2045,1005,2025-04-20,31,1
2045,1005,2025-04-21,29,1
2045,1005,2025-04-22,35,1
2045,1005,2025-04-23,37,1
2045,1005,2025-04-24,17,1
2045,1005,2025-04-25,32,1
2045,1005,2025-04-26,36,1
2045,1014,2025-04-20,26,1
2045,1014,2025-04-21,12,1
2045,1014,2025-04-22,17,1
2045,1014,2025-04-23,3,1
2045,1014,2025-04-24,27,1
2045,1014,2025-04-25,40,1
2045,1014,2025-04-26,31,1
2045,1013,2025-04-20,38,1
2045,1013,2025-04-21,6,1
2045,1013,2025-04-22,30,1
2045,1013,2025-04-23,27,1
2045,1013,2025-04-24,24,1
2045,1013,2025-04-25,20,1
2045,1013,2025-04-26,7,1
2045,1011,2025-04-20,8,1
2045,1011,2025-04-21,11,1
2045,1011,2025-04-22,7,1
2045,1011,2025-04-23,23,1
2045,1011,2025-04-24,48,1
2045,1011,2025-04-25,3,1
2045,1011,2025-04-26,2,1
2045,1008,2025-04-20,4,1
2045,1008,2025-04-21,17,1
2045,1008,2025-04-22,6,1
2045,1008,2025-04-23,35,1
2045,1008,2025-04-24,34,1
2045,1008,2025-04-25,17,1
2045,1008,2025-04-26,8,1
2045,1009,2025-04-20,50,1
2045,1009,2025-04-21,6,1
2045,1009,2025-04-22,47,1
2045,1009,2025-04-23,43,1
2045,1009,2025-04-24,27,1
2045,1009,2025-04-25,13,1
2045,1009,2025-04-26,2,1
2045,1002,2025-04-20,42,1
2045,1002,2025-04-21,36,1
2045,1002,2025-04-22,3,1
2045,1002,2025-04-23,0,0
2045,1002,2025-04-24,7,1
2045,1002,2025-04-25,21,1
2045,1002,2025-04-26,39,1
2045,1015,2025-04-20,46,1
2045,1015,2025-04-21,17,1
2045,1015,2025-04-22,18,1
2045,1015,2025-04-23,27,1
2045,1015,2025-04-24,15,1
2045,1015,2025-04-25,14,1
2045,1015,2025-04-26,14,1
2034,1000,2025-04-20,39,1
2034,1000,2025-04-21,38,1
2034,1000,2025-04-22,36,1
2034,1000,2025-04-23,48,1
2034,1000,2025-04-24,17,1
2034,1000,2025-04-25,35,1
2034,1000,2025-04-26,22,1
2034,1001,2025-04-20,15,1
2034,1001,2025-04-21,9,1
2034,1001,2025-04-22,1,1
2034,1001,2025-04-23,35,1
2034,1001,2025-04-24,37,1
2034,1001,2025-04-25,20,1
2034,1001,2025-04-26,48,1
2034,1005,2025-04-20,14,1
2034,1005,2025-04-21,10,1
2034,1005,2025-04-22,24,1
2034,1005,2025-04-23,13,1
2034,1005,2025-04-24,34,1
2034,1005,2025-04-25,39,1
2034,1005,2025-04-26,1,1
2034,1014,2025-04-20,10,1
2034,1014,2025-04-21,5,1
2034,1014,2025-04-22,36,1
2034,1014,2025-04-23,47,1
2034,1014,2025-04-24,39,1
2034,1014,2025-04-25,17,1
2034,1014,2025-04-26,31,1
2034,1013,2025-04-20,7,1
2034,1013,2025-04-21,6,1
2034,1013,2025-04-22,15,1
2034,1013,2025-04-23,26,1
2034,1013,2025-04-24,14,1
2034,1013,2025-04-25,15,1
2034,1013,2025-04-26,29,1
2034,1011,2025-04-20,39,1
2034,1011,2025-04-21,10,1
2034,1011,2025-04-22,11,1
2034,1011,2025-04-23,14,1
2034,1011,2025-04-24,17,1
2034,1011,2025-04-25,6,1
2034,1011,2025-04-26,0,0
2034,1008,2025-04-20,15,1
2034,1008,2025-04-21,42,1
2034,1008,2025-04-22,19,1
2034,1008,2025-04-23,27,1
2034,1008,2025-04-24,37,1
2034,1008,2025-04-25,38,1
2034,1008,2025-04-26,24,1
2034,1009,2025-04-20,28,1
2034,1009,2025-04-21,13,1
2034,1009,2025-04-22,14,1
2034,1009,2025-04-23,6,1
2034,1009,2025-04-24,5,1
2034,1009,2025-04-25,26,1
2034,1009,2025-04-26,45,1
2034,1002,2025-04-20,28,1
2034,1002,2025-04-21,28,1
2034,1002,2025-04-22,9,1
2034,1002,2025-04-23,47,1
2034,1002,2025-04-24,24,1
2034,1002,2025-04-25,39,1
2034,1002,2025-04-26,48,1
2034,1015,2025-04-20,24,1
2034,1015,2025-04-21,1,1
2034,1015,2025-04-22,34,1
2034,1015,2025-04-23,48,1
2034,1015,2025-04-24,17,1
2034,1015,2025-04-25,13,1
2034,1015,2025-04-26,43,1
2007,1000,2025-04-20,31,1
2007,1000,2025-04-21,27,1
2007,1000,2025-04-22,50,1
2007,1000,2025-04-23,33,1
2007,1000,2025-04-24,21,1
2007,1000,2025-04-25,20,1
2007,1000,2025-04-26,1,1
2007,1001,2025-04-20,31,1
2007,1001,2025-04-21,32,1
2007,1001,2025-04-22,39,1
2007,1001,2025-04-23,24,1
2007,1001,2025-04-24,28,1
2007,1001,2025-04-25,38,1
2007,1001,2025-04-26,13,1
2007,1005,2025-04-20,23,1
2007,1005,2025-04-21,9,1
2007,1005,2025-04-22,45,1
2007,1005,2025-04-23,4,1
2007,1005,2025-04-24,38,1
2007,1005,2025-04-25,44,1
2007,1005,2025-04-26,43,1
2007,1014,2025-04-20,24,1
2007,1014,2025-04-21,10,1
2007,1014,2025-04-22,50,1
2007,1014,2025-04-23,25,1
2007,1014,2025-04-24,13,1
2007,1014,2025-04-25,13,1
2007,1014,2025-04-26,20,1
2007,1013,2025-04-20,22,1
2007,1013,2025-04-21,25,1
2007,1013,2025-04-22,17,1
2007,1013,2025-04-23,15,1
2007,1013,2025-04-24,45,1
2007,1013,2025-04-25,18,1
2007,1013,2025-04-26,14,1
2007,1011,2025-04-20,24,1
2007,1011,2025-04-21,38,1
2007,1011,2025-04-22,30,1
2007,1011,2025-04-23,1,1
2007,1011,2025-04-24,43,1
2007,1011,2025-04-25,36,1
2007,1011,2025-04-26,15,1
2007,1008,2025-04-20,41,1
2007,1008,2025-04-21,44,1
2007,1008,2025-04-22,4,1
2007,1008,2025-04-23,28,1
2007,1008,2025-04-24,45,1
2007,1008,2025-04-25,1,1
2007,1008,2025-04-26,24,1
2007,1009,2025-04-20,36,1
2007,1009,2025-04-21,22,1
2007,1009,2025-04-22,23,1
2007,1009,2025-04-23,24,1
2007,1009,2025-04-24,1,1
2007,1009,2025-04-25,31,1
2007,1009,2025-04-26,27,1
2007,1002,2025-04-20,46,1
2007,1002,2025-04-21,28,1
2007,1002,2025-04-22,27,1
2007,1002,2025-04-23,5,1
2007,1002,2025-04-24,27,1
2007,1002,2025-04-25,16,1
2007,1002,2025-04-26,22,1
2007,1015,2025-04-20,14,1
2007,1015,2025-04-21,17,1
2007,1015,2025-04-22,23,1
2007,1015,2025-04-23,16,1
2007,1015,2025-04-24,30,1
2007,1015,2025-04-25,10,1
2007,1015,2025-04-26,10,1
2078,1000,2025-04-20,14,1
2078,1000,2025-04-21,37,1
2078,1000,2025-04-22,41,1
2078,1000,2025-04-23,33,1
2078,1000,2025-04-24,38,1
2078,1000,2025-04-25,33,1
2078,1000,2025-04-26,12,1
2078,1001,2025-04-20,2,1
2078,1001,2025-04-21,24,1
2078,1001,2025-04-22,23,1
2078,1001,2025-04-23,3,1
2078,1001,2025-04-24,48,1
2078,1001,2025-04-25,14,1
2078,1001,2025-04-26,5,1
2078,1005,2025-04-20,45,1
2078,1005,2025-04-21,10,1
2078,1005,2025-04-22,5,1
2078,1005,2025-04-23,39,1
2078,1005,2025-04-24,44,1
2078,1005,2025-04-25,35,1
2078,1005,2025-04-26,3,1
2078,1014,2025-04-20,16,1
2078,1014,2025-04-21,5,1
2078,1014,2025-04-22,33,1
2078,1014,2025-04-23,16,1
2078,1014,2025-04-24,28,1
2078,1014,2025-04-25,9,1
2078,1014,2025-04-26,18,1
2078,1013,2025-04-20,9,1
2078,1013,2025-04-21,27,1
2078,1013,2025-04-22,17,1
2078,1013,2025-04-23,11,1
2078,1013,2025-04-24,14,1
2078,1013,2025-04-25,26,1
2078,1013,2025-04-26,19,1
2078,1011,2025-04-20,10,1
2078,1011,2025-04-21,33,1
2078,1011,2025-04-22,4,1
2078,1011,2025-04-23,14,1
2078,1011,2025-04-24,5,1
2078,1011,2025-04-25,39,1
2078,1011,2025-04-26,3,1
2078,1008,2025-04-20,36,1
2078,1008,2025-04-21,41,1
2078,1008,2025-04-22,50,1
2078,1008,2025-04-23,50,1
2078,1008,2025-04-24,47,1
2078,1008,2025-04-25,11,1
2078,1008,2025-04-26,18,1
2078,1009,2025-04-20,35,1
2078,1009,2025-04-21,30,1
2078,1009,2025-04-22,27,1
2078,1009,2025-04-23,10,1
2078,1009,2025-04-24,15,1
2078,1009,2025-04-25,1,1
2078,1009,2025-04-26,12,1
2078,1002,2025-04-20,38,1
2078,1002,2025-04-21,45,1
2078,1002,2025-04-22,4,1
2078,1002,2025-04-23,4,1
2078,1002,2025-04-24,49,1
2078,1002,2025-04-25,6,1
2078,1002,2025-04-26,17,1
2078,1015,2025-04-20,50,1
2078,1015,2025-04-21,11,1
2078,1015,2025-04-22,34,1
2078,1015,2025-04-23,7,1
2078,1015,2025-04-24,49,1
2078,1015,2025-04-25,29,1
2078,1015,2025-04-26,35,1
2027,1000,2025-04-20,48,1
2027,1000,2025-04-21,23,1
2027,1000,2025-04-22,46,1
2027,1000,2025-04-23,11,1
2027,1000,2025-04-24,9,1
2027,1000,2025-04-25,34,1
2027,1000,2025-04-26,11,1
2027,1001,2025-04-20,15,1
2027,1001,2025-04-21,50,1
2027,1001,2025-04-22,0,0
2027,1001,2025-04-23,20,1
2027,1001,2025-04-24,10,1
2027,1001,2025-04-25,49,1
2027,1001,2025-04-26,17,1
2027,1005,2025-04-20,32,1
2027,1005,2025-04-21,1,1
2027,1005,2025-04-22,32,1
2027,1005,2025-04-23,32,1
2027,1005,2025-04-24,3,1
2027,1005,2025-04-25,25,1
2027,1005,2025-04-26,8,1
2027,1014,2025-04-20,10,1
2027,1014,2025-04-21,3,1
2027,1014,2025-04-22,30,1
2027,1014,2025-04-23,9,1
2027,1014,2025-04-24,8,1
2027,1014,2025-04-25,15,1
2027,1014,2025-04-26,38,1
2027,1013,2025-04-20,23,1
2027,1013,2025-04-21,36,1
2027,1013,2025-04-22,50,1
2027,1013,2025-04-23,17,1
2027,1013,2025-04-24,29,1
2027,1013,2025-04-25,15,1
2027,1013,2025-04-26,29,1
2027,1011,2025-04-20,11,1
2027,1011,2025-04-21,45,1
2027,1011,2025-04-22,7,1
2027,1011,2025-04-23,45,1
2027,1011,2025-04-24,15,1
2027,1011,2025-04-25,10,1
2027,1011,2025-04-26,40,1
2027,1008,2025-04-20,38,1
2027,1008,2025-04-21,48,1
2027,1008,2025-04-22,2,1
2027,1008,2025-04-23,4,1
2027,1008,2025-04-24,24,1
2027,1008,2025-04-25,8,1
2027,1008,2025-04-26,0,0
2027,1009,2025-04-20,18,1
2027,1009,2025-04-21,29,1
2027,1009,2025-04-22,33,1
2027,1009,2025-04-23,31,1
2027,1009,2025-04-24,43,1
2027,1009,2025-04-25,48,1
2027,1009,2025-04-26,25,1
2027,1002,2025-04-20,35,1
2027,1002,2025-04-21,34,1
2027,1002,2025-04-22,46,1
2027,1002,2025-04-23,25,1
2027,1002,2025-04-24,33,1
2027,1002,2025-04-25,29,1
2027,1002,2025-04-26,41,1
2027,1015,2025-04-20,33,1
2027,1015,2025-04-21,22,1
2027,1015,2025-04-22,50,1
2027,1015,2025-04-23,38,1
2027,1015,2025-04-24,36,1
2027,1015,2025-04-25,45,1
2027,1015,2025-04-26,47,1
2019,1000,2025-04-20,25,1
2019,1000,2025-04-21,48,1
2019,1000,2025-04-22,16,1
2019,1000,2025-04-23,33,1
2019,1000,2025-04-24,26,1
2019,1000,2025-04-25,10,1
2019,1000,2025-04-26,32,1
2019,1001,2025-04-20,31,1
2019,1001,2025-04-21,8,1
2019,1001,2025-04-22,2,1
2019,1001,2025-04-23,13,1
2019,1001,2025-04-24,4,1
2019,1001,2025-04-25,38,1
2019,1001,2025-04-26,23,1
2019,1005,2025-04-20,19,1
2019,1005,2025-04-21,7,1
2019,1005,2025-04-22,38,1
2019,1005,2025-04-23,26,1
2019,1005,2025-04-24,24,1
2019,1005,2025-04-25,24,1
2019,1005,2025-04-26,19,1
2019,1014,2025-04-20,23,1
2019,1014,2025-04-21,1,1
2019,1014,2025-04-22,20,1
2019,1014,2025-04-23,31,1
2019,1014,2025-04-24,12,1
2019,1014,2025-04-25,48,1
2019,1014,2025-04-26,1,1
2019,1013,2025-04-20,13,1
2019,1013,2025-04-21,27,1
2019,1013,2025-04-22,49,1
2019,1013,2025-04-23,40,1
2019,1013,2025-04-24,48,1
2019,1013,2025-04-25,9,1
2019,1013,2025-04-26,28,1
2019,1011,2025-04-20,37,1
2019,1011,2025-04-21,50,1
2019,1011,2025-04-22,48,1
2019,1011,2025-04-23,47,1
2019,1011,2025-04-24,8,1
2019,1011,2025-04-25,41,1
2019,1011,2025-04-26,50,1
2019,1008,2025-04-20,19,1
2019,1008,2025-04-21,25,1
2019,1008,2025-04-22,15,1
2019,1008,2025-04-23,9,1
2019,1008,2025-04-24,1,1
2019,1008,2025-04-25,14,1
2019,1008,2025-04-26,28,1
2019,1009,2025-04-20,16,1
2019,1009,2025-04-21,31,1
2019,1009,2025-04-22,25,1
2019,1009,2025-04-23,29,1
2019,1009,2025-04-24,45,1
2019,1009,2025-04-25,29,1
2019,1009,2025-04-26,23,1
2019,1002,2025-04-20,13,1
2019,1002,2025-04-21,29,1
2019,1002,2025-04-22,8,1
2019,1002,2025-04-23,26,1
2019,1002,2025-04-24,3,1
2019,1002,2025-04-25,15,1
2019,1002,2025-04-26,9,1
2019,1015,2025-04-20,40,1
2019,1015,2025-04-21,6,1
2019,1015,2025-04-22,18,1
2019,1015,2025-04-23,23,1
2019,1015,2025-04-24,3,1
2019,1015,2025-04-25,22,1
2019,1015,2025-04-26,29,1
2084,1000,2025-04-20,24,1
2084,1000,2025-04-21,41,1
2084,1000,2025-04-22,27,1
2084,1000,2025-04-23,4,1
2084,1000,2025-04-24,38,1
2084,1000,2025-04-25,18,1
2084,1000,2025-04-26,22,1
2084,1001,2025-04-20,32,1
2084,1001,2025-04-21,35,1
2084,1001,2025-04-22,30,1
2084,1001,2025-04-23,2,1
2084,1001,2025-04-24,30,1
2084,1001,2025-04-25,4,1
2084,1001,2025-04-26,22,1
2084,1005,2025-04-20,21,1
2084,1005,2025-04-21,12,1
2084,1005,2025-04-22,19,1
2084,1005,2025-04-23,32,1
2084,1005,2025-04-24,10,1
2084,1005,2025-04-25,0,0
2084,1005,2025-04-26,6,1
2084,1014,2025-04-20,9,1
2084,1014,2025-04-21,47,1
2084,1014,2025-04-22,45,1
2084,1014,2025-04-23,35,1
2084,1014,2025-04-24,17,1
2084,1014,2025-04-25,3,1
2084,1014,2025-04-26,1,1
2084,1013,2025-04-20,32,1
2084,1013,2025-04-21,13,1
2084,1013,2025-04-22,40,1
2084,1013,2025-04-23,33,1
2084,1013,2025-04-24,23,1
2084,1013,2025-04-25,1,1
2084,1013,2025-04-26,28,1
2084,1011,2025-04-20,25,1
2084,1011,2025-04-21,21,1
2084,1011,2025-04-22,39,1
2084,1011,2025-04-23,29,1
2084,1011,2025-04-24,22,1
2084,1011,2025-04-25,39,1
2084,1011,2025-04-26,20,1
2084,1008,2025-04-20,18,1
2084,1008,2025-04-21,23,1
2084,1008,2025-04-22,3,1
2084,1008,2025-04-23,33,1
2084,1008,2025-04-24,37,1
2084,1008,2025-04-25,7,1
2084,1008,2025-04-26,28,1
2084,1009,2025-04-20,48,1
2084,1009,2025-04-21,31,1
2084,1009,2025-04-22,27,1
2084,1009,2025-04-23,48,1
2084,1009,2025-04-24,32,1
2084,1009,2025-04-25,2,1
2084,1009,2025-04-26,42,1
2084,1002,2025-04-20,49,1
2084,1002,2025-04-21,35,1
2084,1002,2025-04-22,46,1
2084,1002,2025-04-23,47,1
2084,1002,2025-04-24,36,1
2084,1002,2025-04-25,32,1
2084,1002,2025-04-26,4,1
2084,1015,2025-04-20,9,1
2084,1015,2025-04-21,24,1
2084,1015,2025-04-22,21,1
2084,1015,2025-04-23,42,1
2084,1015,2025-04-24,45,1
2084,1015,2025-04-25,28,1
2084,1015,2025-04-26,46,1
2025,1000,2025-04-20,46,1
2025,1000,2025-04-21,40,1
2025,1000,2025-04-22,17,1
2025,1000,2025-04-23,9,1
2025,1000,2025-04-24,9,1
2025,1000,2025-04-25,48,1
2025,1000,2025-04-26,12,1
2025,1001,2025-04-20,5,1
2025,1001,2025-04-21,39,1
2025,1001,2025-04-22,24,1
2025,1001,2025-04-23,17,1
2025,1001,2025-04-24,25,1
2025,1001,2025-04-25,14,1
2025,1001,2025-04-26,2,1
2025,1005,2025-04-20,2,1
2025,1005,2025-04-21,19,1
2025,1005,2025-04-22,0,0
2025,1005,2025-04-23,8,1
2025,1005,2025-04-24,12,1
2025,1005,2025-04-25,26,1
2025,1005,2025-04-26,36,1
2025,1014,2025-04-20,12,1
2025,1014,2025-04-21,26,1
2025,1014,2025-04-22,9,1
2025,1014,2025-04-23,27,1
2025,1014,2025-04-24,35,1
2025,1014,2025-04-25,36,1
2025,1014,2025-04-26,16,1
2025,1013,2025-04-20,13,1
2025,1013,2025-04-21,0,0
2025,1013,2025-04-22,4,1
2025,1013,2025-04-23,10,1
2025,1013,2025-04-24,2,1
2025,1013,2025-04-25,16,1
2025,1013,2025-04-26,46,1
2025,1011,2025-04-20,30,1
2025,1011,2025-04-21,50,1
2025,1011,2025-04-22,4,1
2025,1011,2025-04-23,14,1
2025,1011,2025-04-24,29,1
2025,1011,2025-04-25,10,1
2025,1011,2025-04-26,43,1
2025,1008,2025-04-20,31,1
2025,1008,2025-04-21,7,1
2025,1008,2025-04-22,5,1
2025,1008,2025-04-23,42,1
2025,1008,2025-04-24,29,1
2025,1008,2025-04-25,21,1
2025,1008,2025-04-26,39,1
2025,1009,2025-04-20,46,1
2025,1009,2025-04-21,23,1
2025,1009,2025-04-22,30,1
2025,1009,2025-04-23,16,1
2025,1009,2025-04-24,36,1
2025,1009,2025-04-25,35,1
2025,1009,2025-04-26,35,1
2025,1002,2025-04-20,47,1
2025,1002,2025-04-21,21,1
2025,1002,2025-04-22,40,1
2025,1002,2025-04-23,42,1
2025,1002,2025-04-24,20,1
2025,1002,2025-04-25,33,1
2025,1002,2025-04-26,9,1
2025,1015,2025-04-20,42,1
2025,1015,2025-04-21,43,1
2025,1015,2025-04-22,45,1
2025,1015,2025-04-23,37,1
2025,1015,2025-04-24,33,1
2025,1015,2025-04-25,43,1
2025,1015,2025-04-26,17,1
2053,1000,2025-04-20,38,1
2053,1000,2025-04-21,49,1
2053,1000,2025-04-22,15,1
2053,1000,2025-04-23,14,1
2053,1000,2025-04-24,1,1
2053,1000,2025-04-25,27,1
2053,1000,2025-04-26,30,1
2053,1001,2025-04-20,17,1
2053,1001,2025-04-21,21,1
2053,1001,2025-04-22,32,1
2053,1001,2025-04-23,19,1
2053,1001,2025-04-24,31,1
2053,1001,2025-04-25,46,1
2053,1001,2025-04-26,25,1
2053,1005,2025-04-20,3,1
2053,1005,2025-04-21,37,1
2053,1005,2025-04-22,19,1
2053,1005,2025-04-23,16,1
2053,1005,2025-04-24,6,1
2053,1005,2025-04-25,9,1
2053,1005,2025-04-26,35,1
2053,1014,2025-04-20,14,1
2053,1014,2025-04-21,50,1
2053,1014,2025-04-22,14,1
2053,1014,2025-04-23,15,1
2053,1014,2025-04-24,29,1
2053,1014,2025-04-25,9,1
2053,1014,2025-04-26,6,1
2053,1013,2025-04-20,44,1
2053,1013,2025-04-21,34,1
2053,1013,2025-04-22,32,1
2053,1013,2025-04-23,23,1
2053,1013,2025-04-24,26,1
2053,1013,2025-04-25,47,1
2053,1013,2025-04-26,25,1
2053,1011,2025-04-20,26,1
2053,1011,2025-04-21,36,1
2053,1011,2025-04-22,21,1
2053,1011,2025-04-23,19,1
2053,1011,2025-04-24,5,1
2053,1011,2025-04-25,15,1
2053,1011,2025-04-26,10,1
2053,1008,2025-04-20,39,1
2053,1008,2025-04-21,30,1
2053,1008,2025-04-22,42,1
2053,1008,2025-04-23,4,1
2053,1008,2025-04-24,49,1
2053,1008,2025-04-25,20,1
2053,1008,2025-04-26,3,1
2053,1009,2025-04-20,27,1
2053,1009,2025-04-21,25,1
2053,1009,2025-04-22,27,1
2053,1009,2025-04-23,9,1
2053,1009,2025-04-24,26,1
2053,1009,2025-04-25,30,1
2053,1009,2025-04-26,1,1
2053,1002,2025-04-20,21,1
2053,1002,2025-04-21,23,1
2053,1002,2025-04-22,7,1
2053,1002,2025-04-23,19,1
2053,1002,2025-04-24,15,1
2053,1002,2025-04-25,31,1
2053,1002,2025-04-26,31,1
2053,1015,2025-04-20,25,1
2053,1015,2025-04-21,37,1
2053,1015,2025-04-22,13,1
2053,1015,2025-04-23,25,1
2053,1015,2025-04-24,27,1
2053,1015,2025-04-25,15,1
2053,1015,2025-04-26,18,1
2013,1000,2025-04-20,15,1
2013,1000,2025-04-21,39,1
2013,1000,2025-04-22,10,1
2013,1000,2025-04-23,21,1
2013,1000,2025-04-24,10,1
2013,1000,2025-04-25,38,1
2013,1000,2025-04-26,20,1
2013,1001,2025-04-20,37,1
2013,1001,2025-04-21,24,1
2013,1001,2025-04-22,5,1
2013,1001,2025-04-23,6,1
2013,1001,2025-04-24,5,1
2013,1001,2025-04-25,5,1
2013,1001,2025-04-26,50,1
2013,1005,2025-04-20,47,1
2013,1005,2025-04-21,0,0
2013,1005,2025-04-22,9,1
2013,1005,2025-04-23,34,1
2013,1005,2025-04-24,27,1
2013,1005,2025-04-25,31,1
2013,1005,2025-04-26,5,1
2013,1014,2025-04-20,50,1
2013,1014,2025-04-21,44,1
2013,1014,2025-04-22,41,1
2013,1014,2025-04-23,9,1
2013,1014,2025-04-24,3,1
2013,1014,2025-04-25,0,0
2013,1014,2025-04-26,30,1
2013,1013,2025-04-20,11,1
2013,1013,2025-04-21,2,1
2013,1013,2025-04-22,8,1
2013,1013,2025-04-23,18,1
2013,1013,2025-04-24,23,1
2013,1013,2025-04-25,43,1
2013,1013,2025-04-26,43,1
2013,1011,2025-04-20,44,1
2013,1011,2025-04-21,22,1
2013,1011,2025-04-22,42,1
2013,1011,2025-04-23,36,1
2013,1011,2025-04-24,5,1
2013,1011,2025-04-25,2,1
2013,1011,2025-04-26,10,1
2013,1008,2025-04-20,19,1
2013,1008,2025-04-21,21,1
2013,1008,2025-04-22,6,1
2013,1008,2025-04-23,2,1
2013,1008,2025-04-24,37,1
2013,1008,2025-04-25,5,1
2013,1008,2025-04-26,2,1
2013,1009,2025-04-20,39,1
2013,1009,2025-04-21,0,0
2013,1009,2025-04-22,12,1
2013,1009,2025-04-23,50,1
2013,1009,2025-04-24,10,1
2013,1009,2025-04-25,25,1
2013,1009,2025-04-26,31,1
2013,1002,2025-04-20,6,1
2013,1002,2025-04-21,17,1
2013,1002,2025-04-22,37,1
2013,1002,2025-04-23,18,1
2013,1002,2025-04-24,39,1
2013,1002,2025-04-25,33,1
2013,1002,2025-04-26,4,1
2013,1015,2025-04-20,39,1
2013,1015,2025-04-21,18,1
2013,1015,2025-04-22,8,1
2013,1015,2025-04-23,4,1
2013,1015,2025-04-24,29,1
2013,1015,2025-04-25,38,1
2013,1015,2025-04-26,16,1
2024,1000,2025-04-20,10,1
2024,1000,2025-04-21,41,1
2024,1000,2025-04-22,49,1
2024,1000,2025-04-23,44,1
2024,1000,2025-04-24,32,1
2024,1000,2025-04-25,6,1
2024,1000,2025-04-26,31,1
2024,1001,2025-04-20,38,1
2024,1001,2025-04-21,14,1
2024,1001,2025-04-22,44,1
2024,1001,2025-04-23,18,1
2024,1001,2025-04-24,2,1
2024,1001,2025-04-25,25,1
2024,1001,2025-04-26,21,1
2024,1005,2025-04-20,42,1
2024,1005,2025-04-21,10,1
2024,1005,2025-04-22,44,1
2024,1005,2025-04-23,30,1
2024,1005,2025-04-24,28,1
2024,1005,2025-04-25,22,1
2024,1005,2025-04-26,32,1
2024,1014,2025-04-20,19,1
2024,1014,2025-04-21,18,1
2024,1014,2025-04-22,41,1
2024,1014,2025-04-23,45,1
2024,1014,2025-04-24,25,1
2024,1014,2025-04-25,26,1
2024,1014,2025-04-26,15,1
2024,1013,2025-04-20,50,1
2024,1013,2025-04-21,19,1
2024,1013,2025-04-22,42,1
2024,1013,2025-04-23,20,1
2024,1013,2025-04-24,13,1
2024,1013,2025-04-25,15,1
2024,1013,2025-04-26,29,1
2024,1011,2025-04-20,9,1
2024,1011,2025-04-21,45,1
2024,1011,2025-04-22,9,1
2024,1011,2025-04-23,2,1
2024,1011,2025-04-24,5,1
2024,1011,2025-04-25,3,1
2024,1011,2025-04-26,37,1
2024,1008,2025-04-20,7,1
2024,1008,2025-04-21,9,1
2024,1008,2025-04-22,6,1
2024,1008,2025-04-23,28,1
2024,1008,2025-04-24,8,1
2024,1008,2025-04-25,9,1
2024,1008,2025-04-26,46,1
2024,1009,2025-04-20,4,1
2024,1009,2025-04-21,18,1
2024,1009,2025-04-22,49,1
2024,1009,2025-04-23,21,1
2024,1009,2025-04-24,44,1
2024,1009,2025-04-25,20,1
2024,1009,2025-04-26,37,1
2024,1002,2025-04-20,15,1
2024,1002,2025-04-21,45,1
2024,1002,2025-04-22,30,1
2024,1002,2025-04-23,27,1
2024,1002,2025-04-24,26,1
2024,1002,2025-04-25,7,1
2024,1002,2025-04-26,41,1
2024,1015,2025-04-20,42,1
2024,1015,2025-04-21,42,1
2024,1015,2025-04-22,35,1
2024,1015,2025-04-23,46,1
2024,1015,2025-04-24,37,1
2024,1015,2025-04-25,19,1
2024,1015,2025-04-26,45,1
2003,1000,2025-04-20,13,1
2003,1000,2025-04-21,30,1
2003,1000,2025-04-22,41,1
2003,1000,2025-04-23,2,1
2003,1000,2025-04-24,23,1
2003,1000,2025-04-25,10,1
2003,1000,2025-04-26,25,1
2003,1001,2025-04-20,12,1
2003,1001,2025-04-21,22,1
2003,1001,2025-04-22,4,1
2003,1001,2025-04-23,3,1
2003,1001,2025-04-24,2,1
2003,1001,2025-04-25,16,1
2003,1001,2025-04-26,24,1
2003,1005,2025-04-20,11,1
2003,1005,2025-04-21,31,1
2003,1005,2025-04-22,29,1
2003,1005,2025-04-23,42,1
2003,1005,2025-04-24,25,1
2003,1005,2025-04-25,50,1
2003,1005,2025-04-26,45,1
2003,1014,2025-04-20,20,1
2003,1014,2025-04-21,28,1
2003,1014,2025-04-22,8,1
2003,1014,2025-04-23,20,1
2003,1014,2025-04-24,47,1
2003,1014,2025-04-25,45,1
2003,1014,2025-04-26,27,1
2003,1013,2025-04-20,42,1
2003,1013,2025-04-21,20,1
2003,1013,2025-04-22,48,1
2003,1013,2025-04-23,36,1
2003,1013,2025-04-24,44,1
2003,1013,2025-04-25,11,1
2003,1013,2025-04-26,0,0
2003,1011,2025-04-20,50,1
2003,1011,2025-04-21,10,1
2003,1011,2025-04-22,16,1
2003,1011,2025-04-23,26,1
2003,1011,2025-04-24,5,1
2003,1011,2025-04-25,31,1
2003,1011,2025-04-26,21,1
2003,1008,2025-04-20,9,1
2003,1008,2025-04-21,2,1
2003,1008,2025-04-22,8,1
2003,1008,2025-04-23,15,1
2003,1008,2025-04-24,32,1
2003,1008,2025-04-25,38,1
2003,1008,2025-04-26,31,1
2003,1009,2025-04-20,17,1
2003,1009,2025-04-21,12,1
2003,1009,2025-04-22,46,1
2003,1009,2025-04-23,11,1
2003,1009,2025-04-24,26,1
2003,1009,2025-04-25,2,1
2003,1009,2025-04-26,49,1
2003,1002,2025-04-20,0,0
2003,1002,2025-04-21,40,1
2003,1002,2025-04-22,23,1
2003,1002,2025-04-23,45,1
2003,1002,2025-04-24,21,1
2003,1002,2025-04-25,39,1
2003,1002,2025-04-26,23,1
2003,1015,2025-04-20,21,1
2003,1015,2025-04-21,0,0
2003,1015,2025-04-22,6,1
2003,1015,2025-04-23,30,1
2003,1015,2025-04-24,49,1
2003,1015,2025-04-25,32,1
2003,1015,2025-04-26,12,1
2017,1000,2025-04-20,13,1
2017,1000,2025-04-21,9,1
2017,1000,2025-04-22,21,1
2017,1000,2025-04-23,43,1
2017,1000,2025-04-24,42,1
2017,1000,2025-04-25,47,1
2017,1000,2025-04-26,47,1
2017,1001,2025-04-20,32,1
2017,1001,2025-04-21,17,1
2017,1001,2025-04-22,33,1
2017,1001,2025-04-23,25,1
2017,1001,2025-04-24,33,1
2017,1001,2025-04-25,37,1
2017,1001,2025-04-26,39,1
2017,1005,2025-04-20,39,1
2017,1005,2025-04-21,12,1
2017,1005,2025-04-22,27,1
2017,1005,2025-04-23,49,1
2017,1005,2025-04-24,46,1
2017,1005,2025-04-25,2,1
2017,1005,2025-04-26,29,1
2017,1014,2025-04-20,46,1
2017,1014,2025-04-21,37,1
2017,1014,2025-04-22,35,1
2017,1014,2025-04-23,18,1
2017,1014,2025-04-24,34,1
2017,1014,2025-04-25,48,1
2017,1014,2025-04-26,29,1
2017,1013,2025-04-20,2,1
2017,1013,2025-04-21,18,1
2017,1013,2025-04-22,21,1
2017,1013,2025-04-23,1,1
2017,1013,2025-04-24,26,1
2017,1013,2025-04-25,37,1
2017,1013,2025-04-26,40,1
2017,1011,2025-04-20,50,1
2017,1011,2025-04-21,4,1
2017,1011,2025-04-22,30,1
2017,1011,2025-04-23,26,1
2017,1011,2025-04-24,29,1
2017,1011,2025-04-25,38,1
2017,1011,2025-04-26,36,1
2017,1008,2025-04-20,14,1
2017,1008,2025-04-21,20,1
2017,1008,2025-04-22,37,1
2017,1008,2025-04-23,14,1
2017,1008,2025-04-24,28,1
2017,1008,2025-04-25,16,1
2017,1008,2025-04-26,19,1
2017,1009,2025-04-20,41,1
2017,1009,2025-04-21,2,1
2017,1009,2025-04-22,14,1
2017,1009,2025-04-23,42,1
2017,1009,2025-04-24,37,1
2017,1009,2025-04-25,16,1
2017,1009,2025-04-26,25,1
2017,1002,2025-04-20,16,1
2017,1002,2025-04-21,0,0
2017,1002,2025-04-22,33,1
2017,1002,2025-04-23,14,1
2017,1002,2025-04-24,2,1
2017,1002,2025-04-25,14,1
2017,1002,2025-04-26,28,1
2017,1015,2025-04-20,15,1
2017,1015,2025-04-21,25,1
2017,1015,2025-04-22,0,0
2017,1015,2025-04-23,27,1
2017,1015,2025-04-24,3,1
2017,1015,2025-04-25,4,1
2017,1015,2025-04-26,17,1
2038,1000,2025-04-20,34,1
2038,1000,2025-04-21,34,1
2038,1000,2025-04-22,26,1
2038,1000,2025-04-23,1,1
2038,1000,2025-04-24,32,1
2038,1000,2025-04-25,46,1
2038,1000,2025-04-26,50,1
2038,1001,2025-04-20,49,1
2038,1001,2025-04-21,40,1
2038,1001,2025-04-22,50,1
2038,1001,2025-04-23,19,1
2038,1001,2025-04-24,49,1
2038,1001,2025-04-25,38,1
2038,1001,2025-04-26,42,1
2038,1005,2025-04-20,3,1
2038,1005,2025-04-21,31,1
2038,1005,2025-04-22,37,1
2038,1005,2025-04-23,13,1
2038,1005,2025-04-24,34,1
2038,1005,2025-04-25,42,1
2038,1005,2025-04-26,35,1
2038,1014,2025-04-20,18,1
2038,1014,2025-04-21,49,1
2038,1014,2025-04-22,7,1
2038,1014,2025-04-23,15,1
2038,1014,2025-04-24,24,1
2038,1014,2025-04-25,35,1
2038,1014,2025-04-26,46,1
2038,1013,2025-04-20,21,1
2038,1013,2025-04-21,11,1
2038,1013,2025-04-22,34,1
2038,1013,2025-04-23,41,1
2038,1013,2025-04-24,12,1
2038,1013,2025-04-25,0,0
2038,1013,2025-04-26,43,1
2038,1011,2025-04-20,27,1
2038,1011,2025-04-21,5,1
2038,1011,2025-04-22,21,1
2038,1011,2025-04-23,41,1
2038,1011,2025-04-24,15,1
2038,1011,2025-04-25,30,1
2038,1011,2025-04-26,1,1
2038,1008,2025-04-20,6,1
2038,1008,2025-04-21,8,1
2038,1008,2025-04-22,47,1
2038,1008,2025-04-23,46,1
2038,1008,2025-04-24,16,1
2038,1008,2025-04-25,10,1
2038,1008,2025-04-26,42,1
2038,1009,2025-04-20,18,1
2038,1009,2025-04-21,42,1
2038,1009,2025-04-22,16,1
2038,1009,2025-04-23,26,1
2038,1009,2025-04-24,10,1
2038,1009,2025-04-25,27,1
2038,1009,2025-04-26,13,1
2038,1002,2025-04-20,46,1
2038,1002,2025-04-21,10,1
2038,1002,2025-04-22,23,1
2038,1002,2025-04-23,6,1
2038,1002,2025-04-24,48,1
2038,1002,2025-04-25,18,1
2038,1002,2025-04-26,19,1
2038,1015,2025-04-20,34,1
2038,1015,2025-04-21,44,1
2038,1015,2025-04-22,35,1
2038,1015,2025-04-23,40,1
2038,1015,2025-04-24,4,1
2038,1015,2025-04-25,4,1
2038,1015,2025-04-26,9,1
