Store_ID,Date,Compliance_Score,Photos_Audited,Avg_Facings_Variance
2058,2025-04-26,67,5,1.81
2058,2025-04-20,77,10,-1.55
2058,2025-04-23,81,8,0.0
2078,2025-04-26,94,19,0.04
2078,2025-04-23,99,13,1.14
2078,2025-04-22,65,16,-1.29
2043,2025-04-26,72,13,0.9
2043,2025-04-24,65,7,-1.35
2043,2025-04-22,70,11,-0.09
2055,2025-04-26,100,16,-1.88
2055,2025-04-26,84,18,-1.59
2055,2025-04-24,85,11,-1.33
2087,2025-04-24,100,20,1.09
2087,2025-04-25,64,12,1.34
2087,2025-04-26,91,19,-0.45
2074,2025-04-25,83,11,1.6
2074,2025-04-20,88,11,-1.99
2074,2025-04-22,61,16,0.59
2060,2025-04-23,60,15,1.45
2060,2025-04-20,68,8,0.38
2060,2025-04-24,67,9,-0.11
2052,2025-04-24,95,15,-1.52
2052,2025-04-26,62,15,-1.02
2052,2025-04-24,87,14,-1.84
2046,2025-04-20,63,14,0.66
2046,2025-04-21,76,17,2.0
2046,2025-04-22,81,18,1.93
2039,2025-04-24,83,7,-0.01
2039,2025-04-25,79,18,-1.91
2039,2025-04-22,80,10,0.85
2040,2025-04-26,68,8,-0.55
2040,2025-04-20,76,15,-0.73
2040,2025-04-20,71,11,0.33
2031,2025-04-20,74,6,-0.89
2031,2025-04-26,95,7,1.25
2031,2025-04-24,96,14,1.63
2069,2025-04-25,79,8,1.58
2069,2025-04-26,62,14,1.68
2069,2025-04-23,65,15,-0.92
2027,2025-04-20,68,7,-1.62
2027,2025-04-24,60,8,1.57
2027,2025-04-20,90,16,-0.38
2038,2025-04-20,76,10,0.36
2038,2025-04-24,75,7,-0.66
2038,2025-04-21,96,8,0.52
2068,2025-04-20,90,11,0.91
2068,2025-04-21,70,12,1.96
2068,2025-04-20,93,13,0.31
2010,2025-04-25,72,20,0.19
2010,2025-04-20,87,11,0.45
2010,2025-04-23,72,14,-0.62
2002,2025-04-23,97,18,1.64
2002,2025-04-22,77,12,0.47
2002,2025-04-20,86,13,0.59
2089,2025-04-23,60,8,-0.38
2089,2025-04-21,76,9,0.31
2089,2025-04-26,97,8,1.87
2070,2025-04-21,68,6,-1.08
2070,2025-04-21,62,7,0.74
2070,2025-04-21,73,13,1.84
2053,2025-04-24,60,11,0.87
2053,2025-04-26,60,18,-1.57
2053,2025-04-21,88,9,-1.41
2019,2025-04-25,67,16,-0.7
2019,2025-04-23,84,13,-0.23
2019,2025-04-21,100,9,-1.17
2084,2025-04-22,72,12,-0.04
2084,2025-04-22,87,6,-0.99
2084,2025-04-23,89,10,-1.75
2036,2025-04-26,63,19,0.1
2036,2025-04-21,86,8,1.53
2036,2025-04-21,78,13,-1.29
2033,2025-04-26,60,20,1.14
2033,2025-04-24,64,19,-0.61
2033,2025-04-25,74,19,-1.2
2032,2025-04-26,77,20,1.85
2032,2025-04-22,70,20,-1.12
2032,2025-04-21,61,12,0.58
2045,2025-04-23,74,9,-1.56
2045,2025-04-25,83,13,0.76
2045,2025-04-22,93,14,0.99
2066,2025-04-20,64,8,-1.04
2066,2025-04-22,76,12,1.03
2066,2025-04-25,95,10,0.51
2062,2025-04-24,60,9,1.83
2062,2025-04-22,95,18,0.27
2062,2025-04-20,90,11,-1.25
2054,2025-04-25,79,18,-1.0
2054,2025-04-26,77,11,0.52
2054,2025-04-25,98,16,-1.62
2035,2025-04-23,99,11,1.56
2035,2025-04-22,62,15,-0.57
2035,2025-04-26,75,15,-0.03
2041,2025-04-23,95,5,0.76
2041,2025-04-20,96,9,-1.07
2041,2025-04-26,62,11,-0.13
2049,2025-04-24,64,8,0.72
2049,2025-04-24,88,9,-1.12
2049,2025-04-21,73,16,-1.61
2023,2025-04-22,60,18,-1.52
2023,2025-04-22,97,19,1.57
2023,2025-04-20,81,12,0.45
2034,2025-04-20,76,12,-1.82
2034,2025-04-25,77,10,0.63
2034,2025-04-25,60,20,1.27
2083,2025-04-21,86,15,-1.6
2083,2025-04-24,97,12,1.7
2083,2025-04-22,60,18,0.79
2044,2025-04-22,88,10,-1.89
2044,2025-04-20,100,5,0.67
2044,2025-04-21,71,10,-1.06
2059,2025-04-20,71,11,1.31
2059,2025-04-21,68,14,-0.16
2059,2025-04-25,88,12,0.47
2015,2025-04-20,67,11,-0.53
2015,2025-04-26,79,18,-1.38
2015,2025-04-20,70,20,-0.49
2073,2025-04-21,83,6,0.13
2073,2025-04-25,86,8,-1.66
2073,2025-04-21,73,7,-1.39
2081,2025-04-20,87,12,0.8
2081,2025-04-21,77,15,1.55
2081,2025-04-21,98,11,1.81
2026,2025-04-23,71,19,-0.88
2026,2025-04-22,98,11,1.7
2026,2025-04-26,61,11,-0.38
2088,2025-04-23,94,19,1.71
2088,2025-04-26,97,8,1.19
2088,2025-04-21,63,12,0.95
2056,2025-04-24,67,20,-0.42
2056,2025-04-25,97,9,-1.79
2056,2025-04-21,94,12,1.2
2004,2025-04-21,63,7,-1.03
2004,2025-04-24,65,15,0.1
2004,2025-04-20,76,13,-0.67
2048,2025-04-21,71,6,-0.29
2048,2025-04-26,73,9,1.21
2048,2025-04-21,100,7,0.07
2021,2025-04-24,88,7,-0.31
2021,2025-04-25,94,7,0.95
2021,2025-04-22,89,10,0.73
2077,2025-04-26,81,5,-1.87
2077,2025-04-20,61,5,1.45
2077,2025-04-25,61,7,-0.71
2003,2025-04-26,100,7,-1.67
2003,2025-04-21,90,8,-0.24
2003,2025-04-24,83,6,1.15
2065,2025-04-25,98,5,0.88
2065,2025-04-22,80,17,0.69
2065,2025-04-26,92,14,1.01
