Transaction_ID,Store_ID,DateTime,SKU_ID,Units,Unit_Price,Total_Value
300000,2030,2025-04-21 15:21:00,1008,3,39.17,117.51
300001,2040,2025-04-23 11:45:00,1002,2,45.46,90.92
300002,2027,2025-04-24 21:26:00,1002,3,45.46,136.38
300003,2007,2025-04-26 07:54:00,1006,4,41.25,165.0
300004,2073,2025-04-22 19:54:00,1012,3,42.69,128.07
300005,2053,2025-04-23 22:01:00,1007,3,44.49,133.47
300006,2049,2025-04-25 12:53:00,1010,4,45.6,182.4
300007,2059,2025-04-20 19:37:00,1004,5,44.54,222.7
300008,2072,2025-04-21 21:11:00,1000,4,40.46,161.84
300009,2006,2025-04-23 17:21:00,1008,2,39.17,78.34
300010,2048,2025-04-22 09:30:00,1008,4,39.17,156.68
300011,2002,2025-04-21 09:49:00,1001,3,37.04,111.12
300012,2083,2025-04-21 07:39:00,1001,2,37.04,74.08
300013,2019,2025-04-24 13:29:00,1007,1,44.49,44.49
300014,2089,2025-04-24 10:49:00,1008,2,39.17,78.34
300015,2020,2025-04-22 19:25:00,1009,1,36.62,36.62
300016,2025,2025-04-20 16:54:00,1002,2,45.46,90.92
300017,2087,2025-04-26 08:22:00,1003,5,38.8,194.0
300018,2068,2025-04-24 17:00:00,1013,1,43.01,43.01
300019,2053,2025-04-25 21:45:00,1015,3,45.83,137.49
300020,2019,2025-04-25 15:39:00,1013,5,43.01,215.04999999999998
300021,2068,2025-04-22 17:54:00,1015,5,45.83,229.14999999999998
300022,2031,2025-04-21 21:36:00,1002,4,45.46,181.84
300023,2078,2025-04-26 17:11:00,1012,4,42.69,170.76
300024,2062,2025-04-22 15:56:00,1006,3,41.25,123.75
300025,2076,2025-04-21 09:15:00,1008,5,39.17,195.85000000000002
300026,2052,2025-04-25 22:41:00,1015,2,45.83,91.66
300027,2062,2025-04-22 14:25:00,1014,1,46.71,46.71
300028,2088,2025-04-22 22:35:00,1007,5,44.49,222.45000000000002
300029,2067,2025-04-22 18:44:00,1011,5,41.99,209.95000000000002
300030,2058,2025-04-20 13:20:00,1008,2,39.17,78.34
300031,2015,2025-04-22 16:06:00,1005,4,42.08,168.32
300032,2024,2025-04-22 07:45:00,1009,2,36.62,73.24
300033,2068,2025-04-24 16:44:00,1004,1,44.54,44.54
300034,2016,2025-04-24 16:30:00,1015,1,45.83,45.83
300035,2061,2025-04-22 22:07:00,1014,1,46.71,46.71
300036,2008,2025-04-25 08:09:00,1012,5,42.69,213.45
300037,2019,2025-04-20 20:38:00,1009,2,36.62,73.24
300038,2076,2025-04-23 21:19:00,1007,4,44.49,177.96
300039,2075,2025-04-20 10:48:00,1013,5,43.01,215.04999999999998
300040,2026,2025-04-21 14:11:00,1006,1,41.25,41.25
300041,2070,2025-04-23 22:18:00,1002,4,45.46,181.84
300042,2004,2025-04-25 21:04:00,1007,3,44.49,133.47
300043,2087,2025-04-25 13:27:00,1007,5,44.49,222.45000000000002
300044,2014,2025-04-26 11:04:00,1007,3,44.49,133.47
300045,2007,2025-04-25 16:28:00,1005,5,42.08,210.39999999999998
300046,2015,2025-04-22 22:28:00,1014,4,46.71,186.84
300047,2010,2025-04-24 15:01:00,1001,3,37.04,111.12
300048,2011,2025-04-24 07:48:00,1007,5,44.49,222.45000000000002
300049,2086,2025-04-23 21:58:00,1008,2,39.17,78.34
300050,2035,2025-04-25 22:05:00,1005,4,42.08,168.32
300051,2060,2025-04-25 10:54:00,1011,3,41.99,125.97
300052,2020,2025-04-22 19:52:00,1010,4,45.6,182.4
300053,2070,2025-04-22 17:07:00,1001,3,37.04,111.12
300054,2051,2025-04-23 20:03:00,1000,5,40.46,202.3
300055,2024,2025-04-25 21:48:00,1011,4,41.99,167.96
300056,2006,2025-04-22 21:56:00,1006,2,41.25,82.5
300057,2089,2025-04-26 14:45:00,1015,5,45.83,229.14999999999998
300058,2020,2025-04-23 09:14:00,1009,5,36.62,183.1
300059,2014,2025-04-23 16:32:00,1014,2,46.71,93.42
300060,2034,2025-04-21 21:35:00,1013,4,43.01,172.04
300061,2018,2025-04-24 11:55:00,1012,5,42.69,213.45
300062,2008,2025-04-22 15:52:00,1008,4,39.17,156.68
300063,2000,2025-04-24 22:55:00,1009,5,36.62,183.1
300064,2019,2025-04-22 19:29:00,1014,3,46.71,140.13
300065,2041,2025-04-24 19:14:00,1006,2,41.25,82.5
300066,2052,2025-04-25 19:24:00,1001,4,37.04,148.16
300067,2084,2025-04-21 17:55:00,1004,1,44.54,44.54
300068,2012,2025-04-20 11:26:00,1014,4,46.71,186.84
300069,2083,2025-04-22 19:41:00,1004,3,44.54,133.62
300070,2010,2025-04-23 17:40:00,1010,5,45.6,228.0
300071,2062,2025-04-25 16:14:00,1001,2,37.04,74.08
300072,2011,2025-04-23 12:44:00,1013,1,43.01,43.01
300073,2038,2025-04-22 18:23:00,1000,1,40.46,40.46
300074,2055,2025-04-24 12:10:00,1004,4,44.54,178.16
300075,2022,2025-04-24 14:31:00,1002,4,45.46,181.84
300076,2074,2025-04-23 15:42:00,1004,3,44.54,133.62
300077,2001,2025-04-21 09:28:00,1014,5,46.71,233.55
300078,2044,2025-04-25 15:29:00,1009,4,36.62,146.48
300079,2038,2025-04-20 14:24:00,1006,4,41.25,165.0
300080,2073,2025-04-20 19:17:00,1011,3,41.99,125.97
300081,2001,2025-04-26 16:49:00,1001,4,37.04,148.16
300082,2029,2025-04-24 15:43:00,1011,2,41.99,83.98
300083,2084,2025-04-22 21:02:00,1004,1,44.54,44.54
300084,2074,2025-04-22 17:47:00,1011,1,41.99,41.99
300085,2053,2025-04-22 15:53:00,1005,5,42.08,210.39999999999998
300086,2021,2025-04-26 16:47:00,1008,4,39.17,156.68
300087,2043,2025-04-21 14:55:00,1003,1,38.8,38.8
300088,2086,2025-04-22 09:50:00,1012,5,42.69,213.45
300089,2050,2025-04-23 18:43:00,1000,1,40.46,40.46
300090,2086,2025-04-20 14:30:00,1008,3,39.17,117.51
300091,2003,2025-04-25 09:40:00,1010,2,45.6,91.2
300092,2059,2025-04-21 08:02:00,1009,1,36.62,36.62
300093,2038,2025-04-24 11:24:00,1015,2,45.83,91.66
300094,2058,2025-04-23 11:56:00,1011,5,41.99,209.95000000000002
300095,2053,2025-04-23 15:02:00,1003,5,38.8,194.0
300096,2088,2025-04-21 18:06:00,1011,4,41.99,167.96
300097,2087,2025-04-20 19:17:00,1011,3,41.99,125.97
300098,2024,2025-04-20 13:41:00,1003,4,38.8,155.2
300099,2081,2025-04-21 11:50:00,1000,3,40.46,121.38
300100,2072,2025-04-21 13:52:00,1006,5,41.25,206.25
300101,2029,2025-04-20 15:54:00,1010,5,45.6,228.0
300102,2018,2025-04-20 07:08:00,1004,2,44.54,89.08
300103,2001,2025-04-24 17:01:00,1011,2,41.99,83.98
300104,2022,2025-04-24 10:47:00,1008,4,39.17,156.68
300105,2008,2025-04-24 10:28:00,1015,3,45.83,137.49
300106,2064,2025-04-25 16:29:00,1007,1,44.49,44.49
300107,2082,2025-04-26 19:27:00,1000,4,40.46,161.84
300108,2087,2025-04-20 09:20:00,1003,4,38.8,155.2
300109,2077,2025-04-24 17:24:00,1004,3,44.54,133.62
300110,2076,2025-04-23 10:50:00,1009,5,36.62,183.1
300111,2089,2025-04-25 13:27:00,1003,5,38.8,194.0
300112,2057,2025-04-23 20:46:00,1007,4,44.49,177.96
300113,2012,2025-04-22 11:43:00,1010,3,45.6,136.8
300114,2060,2025-04-20 20:06:00,1002,1,45.46,45.46
300115,2047,2025-04-24 17:42:00,1004,5,44.54,222.7
300116,2015,2025-04-26 08:18:00,1013,4,43.01,172.04
300117,2076,2025-04-24 13:09:00,1009,5,36.62,183.1
300118,2084,2025-04-22 18:07:00,1015,1,45.83,45.83
300119,2035,2025-04-26 07:38:00,1007,5,44.49,222.45000000000002
300120,2084,2025-04-25 16:58:00,1008,3,39.17,117.51
300121,2043,2025-04-24 19:04:00,1011,2,41.99,83.98
300122,2018,2025-04-21 19:26:00,1000,5,40.46,202.3
300123,2058,2025-04-25 17:49:00,1010,3,45.6,136.8
300124,2072,2025-04-21 08:43:00,1002,2,45.46,90.92
300125,2010,2025-04-23 21:26:00,1008,4,39.17,156.68
300126,2034,2025-04-22 20:07:00,1006,1,41.25,41.25
300127,2036,2025-04-20 14:25:00,1015,3,45.83,137.49
300128,2076,2025-04-21 11:48:00,1001,3,37.04,111.12
300129,2032,2025-04-23 20:11:00,1009,1,36.62,36.62
300130,2016,2025-04-24 18:04:00,1012,2,42.69,85.38
300131,2050,2025-04-20 17:36:00,1001,4,37.04,148.16
300132,2054,2025-04-22 10:25:00,1012,4,42.69,170.76
300133,2002,2025-04-23 18:05:00,1010,5,45.6,228.0
300134,2055,2025-04-23 09:25:00,1003,5,38.8,194.0
300135,2039,2025-04-20 10:33:00,1010,2,45.6,91.2
300136,2065,2025-04-22 11:15:00,1006,3,41.25,123.75
300137,2013,2025-04-24 11:48:00,1004,2,44.54,89.08
300138,2083,2025-04-23 21:43:00,1002,4,45.46,181.84
300139,2072,2025-04-21 21:04:00,1010,3,45.6,136.8
300140,2060,2025-04-24 08:22:00,1014,3,46.71,140.13
300141,2064,2025-04-20 08:23:00,1002,4,45.46,181.84
300142,2036,2025-04-24 19:29:00,1002,1,45.46,45.46
300143,2074,2025-04-25 13:20:00,1001,5,37.04,185.2
300144,2077,2025-04-23 10:51:00,1015,1,45.83,45.83
300145,2043,2025-04-20 14:45:00,1002,2,45.46,90.92
300146,2056,2025-04-21 18:23:00,1014,5,46.71,233.55
300147,2036,2025-04-25 08:50:00,1012,3,42.69,128.07
300148,2080,2025-04-24 19:18:00,1010,1,45.6,45.6
300149,2032,2025-04-25 11:58:00,1004,5,44.54,222.7
300150,2044,2025-04-21 09:19:00,1009,4,36.62,146.48
300151,2071,2025-04-26 11:42:00,1012,3,42.69,128.07
300152,2089,2025-04-24 18:01:00,1002,4,45.46,181.84
300153,2046,2025-04-22 22:12:00,1009,2,36.62,73.24
300154,2028,2025-04-26 10:32:00,1004,3,44.54,133.62
300155,2069,2025-04-21 19:09:00,1001,5,37.04,185.2
300156,2020,2025-04-26 12:46:00,1005,5,42.08,210.39999999999998
300157,2056,2025-04-23 16:48:00,1001,2,37.04,74.08
300158,2057,2025-04-26 22:57:00,1007,3,44.49,133.47
300159,2024,2025-04-23 21:49:00,1011,5,41.99,209.95000000000002
300160,2036,2025-04-21 13:51:00,1012,4,42.69,170.76
300161,2077,2025-04-25 22:55:00,1004,1,44.54,44.54
300162,2047,2025-04-26 10:18:00,1003,5,38.8,194.0
300163,2010,2025-04-21 20:05:00,1005,5,42.08,210.39999999999998
300164,2028,2025-04-23 08:25:00,1014,1,46.71,46.71
300165,2064,2025-04-22 14:01:00,1011,1,41.99,41.99
300166,2040,2025-04-26 11:08:00,1003,3,38.8,116.39999999999999
300167,2004,2025-04-25 11:48:00,1009,4,36.62,146.48
300168,2060,2025-04-20 15:13:00,1014,1,46.71,46.71
300169,2019,2025-04-21 16:07:00,1013,3,43.01,129.03
300170,2006,2025-04-23 09:07:00,1007,5,44.49,222.45000000000002
300171,2063,2025-04-21 11:18:00,1000,5,40.46,202.3
300172,2054,2025-04-24 20:11:00,1000,2,40.46,80.92
300173,2085,2025-04-20 07:24:00,1002,3,45.46,136.38
300174,2060,2025-04-22 07:22:00,1001,3,37.04,111.12
300175,2008,2025-04-26 17:08:00,1011,1,41.99,41.99
300176,2005,2025-04-26 21:44:00,1011,2,41.99,83.98
300177,2061,2025-04-25 21:02:00,1005,1,42.08,42.08
300178,2037,2025-04-20 17:59:00,1006,2,41.25,82.5
300179,2039,2025-04-23 15:02:00,1012,5,42.69,213.45
300180,2082,2025-04-26 17:17:00,1006,1,41.25,41.25
300181,2015,2025-04-25 21:57:00,1011,4,41.99,167.96
300182,2049,2025-04-25 22:23:00,1010,4,45.6,182.4
300183,2066,2025-04-20 20:38:00,1008,4,39.17,156.68
300184,2023,2025-04-22 16:19:00,1009,1,36.62,36.62
300185,2057,2025-04-22 21:02:00,1013,4,43.01,172.04
300186,2045,2025-04-20 19:23:00,1013,1,43.01,43.01
300187,2065,2025-04-26 21:02:00,1005,2,42.08,84.16
300188,2016,2025-04-22 19:36:00,1002,3,45.46,136.38
300189,2004,2025-04-22 21:48:00,1004,3,44.54,133.62
300190,2009,2025-04-22 15:15:00,1004,4,44.54,178.16
300191,2014,2025-04-24 19:58:00,1000,4,40.46,161.84
300192,2071,2025-04-25 21:13:00,1003,3,38.8,116.39999999999999
300193,2078,2025-04-21 10:08:00,1009,4,36.62,146.48
300194,2009,2025-04-20 17:42:00,1014,4,46.71,186.84
300195,2044,2025-04-22 12:45:00,1002,3,45.46,136.38
300196,2089,2025-04-21 10:12:00,1005,5,42.08,210.39999999999998
300197,2017,2025-04-22 18:29:00,1007,1,44.49,44.49
300198,2070,2025-04-20 16:25:00,1004,1,44.54,44.54
300199,2061,2025-04-20 11:20:00,1013,5,43.01,215.04999999999998
300200,2082,2025-04-22 11:56:00,1002,5,45.46,227.3
300201,2070,2025-04-23 08:53:00,1005,2,42.08,84.16
300202,2015,2025-04-22 14:22:00,1004,2,44.54,89.08
300203,2066,2025-04-21 15:08:00,1009,3,36.62,109.85999999999999
300204,2080,2025-04-24 12:37:00,1009,1,36.62,36.62
300205,2074,2025-04-25 17:53:00,1004,5,44.54,222.7
300206,2072,2025-04-20 08:41:00,1001,1,37.04,37.04
300207,2073,2025-04-23 07:31:00,1008,5,39.17,195.85000000000002
300208,2080,2025-04-23 14:51:00,1009,3,36.62,109.85999999999999
300209,2087,2025-04-25 08:10:00,1012,1,42.69,42.69
300210,2056,2025-04-22 11:20:00,1013,2,43.01,86.02
300211,2040,2025-04-26 18:32:00,1011,2,41.99,83.98
300212,2071,2025-04-20 15:28:00,1003,4,38.8,155.2
300213,2031,2025-04-23 20:15:00,1004,3,44.54,133.62
300214,2020,2025-04-21 12:31:00,1010,3,45.6,136.8
300215,2065,2025-04-23 07:05:00,1014,3,46.71,140.13
300216,2050,2025-04-24 18:03:00,1014,2,46.71,93.42
300217,2006,2025-04-22 07:54:00,1009,4,36.62,146.48
300218,2013,2025-04-25 18:48:00,1013,3,43.01,129.03
300219,2051,2025-04-24 13:23:00,1011,1,41.99,41.99
300220,2070,2025-04-23 15:52:00,1009,5,36.62,183.1
300221,2079,2025-04-23 18:50:00,1003,1,38.8,38.8
300222,2043,2025-04-24 19:32:00,1011,2,41.99,83.98
300223,2005,2025-04-26 22:33:00,1001,3,37.04,111.12
300224,2058,2025-04-21 17:59:00,1004,5,44.54,222.7
300225,2078,2025-04-25 16:37:00,1010,5,45.6,228.0
300226,2043,2025-04-23 07:23:00,1015,3,45.83,137.49
300227,2042,2025-04-22 07:38:00,1003,5,38.8,194.0
300228,2060,2025-04-24 14:46:00,1008,5,39.17,195.85000000000002
300229,2006,2025-04-26 19:09:00,1015,5,45.83,229.14999999999998
300230,2087,2025-04-21 07:28:00,1007,1,44.49,44.49
300231,2040,2025-04-23 22:55:00,1013,2,43.01,86.02
300232,2007,2025-04-22 22:33:00,1004,5,44.54,222.7
300233,2048,2025-04-24 17:34:00,1010,4,45.6,182.4
300234,2045,2025-04-21 15:35:00,1008,2,39.17,78.34
300235,2038,2025-04-26 16:45:00,1007,3,44.49,133.47
300236,2026,2025-04-24 15:18:00,1015,3,45.83,137.49
300237,2015,2025-04-26 18:49:00,1012,4,42.69,170.76
300238,2018,2025-04-22 21:41:00,1009,1,36.62,36.62
300239,2032,2025-04-22 15:08:00,1015,5,45.83,229.14999999999998
300240,2013,2025-04-21 14:03:00,1007,5,44.49,222.45000000000002
300241,2012,2025-04-20 11:00:00,1013,4,43.01,172.04
300242,2070,2025-04-23 13:48:00,1005,4,42.08,168.32
300243,2036,2025-04-26 09:41:00,1010,1,45.6,45.6
300244,2073,2025-04-21 20:56:00,1007,1,44.49,44.49
300245,2022,2025-04-26 22:11:00,1001,4,37.04,148.16
300246,2037,2025-04-24 10:59:00,1001,5,37.04,185.2
300247,2042,2025-04-24 22:56:00,1009,5,36.62,183.1
300248,2017,2025-04-22 12:46:00,1014,1,46.71,46.71
300249,2058,2025-04-25 17:50:00,1008,1,39.17,39.17
300250,2037,2025-04-26 20:32:00,1006,4,41.25,165.0
300251,2041,2025-04-21 11:30:00,1002,1,45.46,45.46
300252,2041,2025-04-21 21:48:00,1007,4,44.49,177.96
300253,2034,2025-04-20 15:41:00,1010,5,45.6,228.0
300254,2046,2025-04-23 16:10:00,1007,1,44.49,44.49
300255,2051,2025-04-22 14:14:00,1009,3,36.62,109.85999999999999
300256,2017,2025-04-22 20:44:00,1015,5,45.83,229.14999999999998
300257,2070,2025-04-26 14:43:00,1015,2,45.83,91.66
300258,2076,2025-04-25 18:04:00,1002,5,45.46,227.3
300259,2072,2025-04-24 13:36:00,1003,5,38.8,194.0
300260,2068,2025-04-23 10:43:00,1004,5,44.54,222.7
300261,2026,2025-04-23 08:29:00,1015,5,45.83,229.14999999999998
300262,2016,2025-04-24 21:43:00,1013,1,43.01,43.01
300263,2039,2025-04-25 13:37:00,1000,1,40.46,40.46
300264,2009,2025-04-24 08:59:00,1001,1,37.04,37.04
300265,2008,2025-04-21 11:49:00,1015,4,45.83,183.32
300266,2082,2025-04-23 19:24:00,1013,4,43.01,172.04
300267,2010,2025-04-20 12:34:00,1004,3,44.54,133.62
300268,2050,2025-04-26 07:48:00,1004,2,44.54,89.08
300269,2002,2025-04-23 19:52:00,1009,5,36.62,183.1
300270,2029,2025-04-22 13:59:00,1007,2,44.49,88.98
300271,2014,2025-04-24 07:15:00,1001,4,37.04,148.16
300272,2026,2025-04-23 08:15:00,1002,1,45.46,45.46
300273,2005,2025-04-21 08:08:00,1012,5,42.69,213.45
300274,2064,2025-04-22 17:15:00,1009,5,36.62,183.1
300275,2038,2025-04-21 20:19:00,1004,5,44.54,222.7
300276,2035,2025-04-25 12:40:00,1001,5,37.04,185.2
300277,2086,2025-04-22 19:50:00,1013,1,43.01,43.01
300278,2067,2025-04-21 16:24:00,1010,4,45.6,182.4
300279,2023,2025-04-22 11:51:00,1015,2,45.83,91.66
300280,2059,2025-04-24 11:24:00,1001,4,37.04,148.16
300281,2031,2025-04-23 18:05:00,1008,1,39.17,39.17
300282,2068,2025-04-25 08:55:00,1006,4,41.25,165.0
300283,2009,2025-04-25 13:30:00,1006,5,41.25,206.25
300284,2026,2025-04-21 13:47:00,1010,1,45.6,45.6
300285,2015,2025-04-25 13:25:00,1015,5,45.83,229.14999999999998
300286,2030,2025-04-23 18:19:00,1010,4,45.6,182.4
300287,2033,2025-04-23 10:51:00,1011,4,41.99,167.96
300288,2060,2025-04-22 20:02:00,1010,3,45.6,136.8
300289,2072,2025-04-22 20:18:00,1007,1,44.49,44.49
300290,2019,2025-04-24 14:31:00,1006,4,41.25,165.0
300291,2070,2025-04-25 22:29:00,1010,4,45.6,182.4
300292,2021,2025-04-23 12:58:00,1011,5,41.99,209.95000000000002
300293,2069,2025-04-26 08:48:00,1001,1,37.04,37.04
300294,2000,2025-04-20 11:00:00,1013,2,43.01,86.02
300295,2027,2025-04-25 22:42:00,1014,5,46.71,233.55
300296,2062,2025-04-23 07:01:00,1000,5,40.46,202.3
300297,2067,2025-04-20 20:51:00,1008,3,39.17,117.51
300298,2022,2025-04-21 14:12:00,1003,5,38.8,194.0
300299,2079,2025-04-26 19:05:00,1008,3,39.17,117.51
300300,2047,2025-04-25 14:19:00,1012,2,42.69,85.38
300301,2087,2025-04-20 19:24:00,1002,1,45.46,45.46
300302,2048,2025-04-25 12:05:00,1015,1,45.83,45.83
300303,2063,2025-04-24 10:57:00,1013,3,43.01,129.03
300304,2067,2025-04-23 15:02:00,1001,5,37.04,185.2
300305,2009,2025-04-25 08:11:00,1008,5,39.17,195.85000000000002
300306,2040,2025-04-21 19:59:00,1000,5,40.46,202.3
300307,2009,2025-04-24 19:43:00,1009,2,36.62,73.24
300308,2069,2025-04-26 09:32:00,1010,2,45.6,91.2
300309,2044,2025-04-26 09:21:00,1001,2,37.04,74.08
300310,2077,2025-04-20 15:50:00,1012,3,42.69,128.07
300311,2057,2025-04-23 20:11:00,1015,5,45.83,229.14999999999998
300312,2087,2025-04-22 14:45:00,1012,5,42.69,213.45
300313,2009,2025-04-25 11:47:00,1002,4,45.46,181.84
300314,2049,2025-04-20 16:28:00,1010,1,45.6,45.6
300315,2046,2025-04-21 20:28:00,1008,1,39.17,39.17
300316,2071,2025-04-22 09:38:00,1013,1,43.01,43.01
300317,2076,2025-04-22 20:24:00,1010,1,45.6,45.6
300318,2010,2025-04-25 19:10:00,1007,2,44.49,88.98
300319,2017,2025-04-21 09:10:00,1008,4,39.17,156.68
300320,2055,2025-04-26 09:23:00,1008,4,39.17,156.68
300321,2032,2025-04-24 13:29:00,1007,4,44.49,177.96
300322,2013,2025-04-22 19:51:00,1004,4,44.54,178.16
300323,2042,2025-04-21 16:20:00,1014,5,46.71,233.55
300324,2077,2025-04-23 17:18:00,1006,2,41.25,82.5
300325,2088,2025-04-22 19:17:00,1015,2,45.83,91.66
300326,2050,2025-04-21 12:43:00,1011,5,41.99,209.95000000000002
300327,2070,2025-04-25 13:28:00,1000,4,40.46,161.84
300328,2037,2025-04-25 22:08:00,1002,4,45.46,181.84
300329,2081,2025-04-25 20:50:00,1009,2,36.62,73.24
300330,2048,2025-04-23 19:34:00,1002,5,45.46,227.3
300331,2064,2025-04-25 09:06:00,1013,3,43.01,129.03
300332,2031,2025-04-20 19:48:00,1011,5,41.99,209.95000000000002
300333,2042,2025-04-22 14:32:00,1013,1,43.01,43.01
300334,2066,2025-04-23 11:22:00,1007,4,44.49,177.96
300335,2003,2025-04-20 10:53:00,1015,4,45.83,183.32
300336,2018,2025-04-26 13:33:00,1011,4,41.99,167.96
300337,2061,2025-04-25 21:20:00,1011,4,41.99,167.96
300338,2008,2025-04-20 17:41:00,1009,1,36.62,36.62
300339,2013,2025-04-24 12:35:00,1005,2,42.08,84.16
300340,2020,2025-04-21 19:40:00,1010,4,45.6,182.4
300341,2023,2025-04-23 07:47:00,1005,4,42.08,168.32
300342,2078,2025-04-23 07:45:00,1006,4,41.25,165.0
300343,2027,2025-04-24 10:51:00,1006,1,41.25,41.25
300344,2068,2025-04-23 10:16:00,1005,2,42.08,84.16
300345,2085,2025-04-24 19:39:00,1015,3,45.83,137.49
300346,2050,2025-04-24 12:52:00,1003,4,38.8,155.2
300347,2086,2025-04-20 11:20:00,1009,5,36.62,183.1
300348,2015,2025-04-22 11:32:00,1007,2,44.49,88.98
300349,2049,2025-04-23 20:11:00,1013,5,43.01,215.04999999999998
300350,2062,2025-04-22 11:11:00,1005,4,42.08,168.32
300351,2040,2025-04-20 22:08:00,1014,3,46.71,140.13
300352,2024,2025-04-25 22:26:00,1012,5,42.69,213.45
300353,2087,2025-04-23 12:05:00,1015,4,45.83,183.32
300354,2072,2025-04-22 08:17:00,1000,2,40.46,80.92
300355,2028,2025-04-24 22:35:00,1009,4,36.62,146.48
300356,2065,2025-04-26 18:34:00,1003,3,38.8,116.39999999999999
300357,2005,2025-04-20 14:19:00,1014,4,46.71,186.84
300358,2004,2025-04-23 10:49:00,1014,1,46.71,46.71
300359,2030,2025-04-25 18:55:00,1006,5,41.25,206.25
300360,2078,2025-04-26 13:52:00,1013,2,43.01,86.02
300361,2026,2025-04-22 12:20:00,1001,5,37.04,185.2
300362,2037,2025-04-25 10:08:00,1009,5,36.62,183.1
300363,2052,2025-04-25 11:15:00,1001,2,37.04,74.08
300364,2018,2025-04-23 11:36:00,1010,4,45.6,182.4
300365,2080,2025-04-23 09:40:00,1008,4,39.17,156.68
300366,2011,2025-04-25 18:29:00,1012,3,42.69,128.07
300367,2062,2025-04-25 21:40:00,1010,1,45.6,45.6
300368,2085,2025-04-23 13:27:00,1011,5,41.99,209.95000000000002
300369,2027,2025-04-22 11:36:00,1015,3,45.83,137.49
300370,2062,2025-04-20 10:40:00,1010,1,45.6,45.6
300371,2058,2025-04-23 21:00:00,1000,2,40.46,80.92
300372,2054,2025-04-25 16:10:00,1006,2,41.25,82.5
300373,2035,2025-04-20 18:42:00,1002,3,45.46,136.38
300374,2083,2025-04-25 14:27:00,1005,3,42.08,126.24
300375,2083,2025-04-21 22:04:00,1002,1,45.46,45.46
300376,2016,2025-04-20 07:44:00,1007,4,44.49,177.96
300377,2043,2025-04-25 11:30:00,1003,4,38.8,155.2
300378,2009,2025-04-20 17:23:00,1007,1,44.49,44.49
300379,2038,2025-04-25 11:04:00,1004,2,44.54,89.08
300380,2067,2025-04-23 18:46:00,1000,2,40.46,80.92
300381,2027,2025-04-25 21:55:00,1004,5,44.54,222.7
300382,2027,2025-04-26 10:37:00,1002,2,45.46,90.92
300383,2049,2025-04-26 11:15:00,1011,3,41.99,125.97
300384,2035,2025-04-24 16:49:00,1002,5,45.46,227.3
300385,2088,2025-04-21 13:47:00,1000,3,40.46,121.38
300386,2050,2025-04-23 19:07:00,1009,2,36.62,73.24
300387,2030,2025-04-24 07:23:00,1015,1,45.83,45.83
300388,2040,2025-04-23 18:34:00,1004,5,44.54,222.7
300389,2087,2025-04-20 09:00:00,1005,1,42.08,42.08
300390,2033,2025-04-26 19:32:00,1006,1,41.25,41.25
300391,2036,2025-04-20 11:17:00,1013,4,43.01,172.04
300392,2010,2025-04-26 11:34:00,1009,2,36.62,73.24
300393,2041,2025-04-22 20:46:00,1012,1,42.69,42.69
300394,2030,2025-04-20 21:39:00,1001,4,37.04,148.16
300395,2077,2025-04-20 07:45:00,1001,2,37.04,74.08
300396,2017,2025-04-24 15:10:00,1000,3,40.46,121.38
300397,2047,2025-04-25 10:49:00,1004,3,44.54,133.62
300398,2003,2025-04-24 09:16:00,1010,3,45.6,136.8
300399,2073,2025-04-22 08:31:00,1002,5,45.46,227.3
300400,2072,2025-04-26 10:57:00,1005,3,42.08,126.24
300401,2073,2025-04-20 08:54:00,1003,5,38.8,194.0
300402,2001,2025-04-23 11:11:00,1007,3,44.49,133.47
300403,2004,2025-04-23 17:17:00,1013,2,43.01,86.02
300404,2009,2025-04-21 14:51:00,1011,1,41.99,41.99
300405,2066,2025-04-23 16:49:00,1001,1,37.04,37.04
300406,2039,2025-04-20 18:12:00,1010,4,45.6,182.4
300407,2037,2025-04-23 18:37:00,1009,2,36.62,73.24
300408,2063,2025-04-26 14:09:00,1006,5,41.25,206.25
300409,2000,2025-04-22 07:21:00,1013,5,43.01,215.04999999999998
300410,2000,2025-04-20 13:33:00,1012,3,42.69,128.07
300411,2030,2025-04-21 15:05:00,1013,1,43.01,43.01
300412,2005,2025-04-23 18:29:00,1007,5,44.49,222.45000000000002
300413,2010,2025-04-20 08:27:00,1003,4,38.8,155.2
300414,2084,2025-04-26 17:59:00,1004,3,44.54,133.62
300415,2050,2025-04-21 09:12:00,1010,3,45.6,136.8
300416,2017,2025-04-23 21:20:00,1003,2,38.8,77.6
300417,2052,2025-04-23 16:29:00,1003,2,38.8,77.6
300418,2033,2025-04-26 08:13:00,1003,3,38.8,116.39999999999999
300419,2041,2025-04-22 19:32:00,1004,2,44.54,89.08
300420,2006,2025-04-20 19:54:00,1009,2,36.62,73.24
300421,2057,2025-04-26 11:07:00,1007,1,44.49,44.49
300422,2001,2025-04-21 13:52:00,1001,2,37.04,74.08
300423,2051,2025-04-24 15:58:00,1011,1,41.99,41.99
300424,2009,2025-04-25 21:51:00,1000,2,40.46,80.92
300425,2016,2025-04-20 08:29:00,1002,3,45.46,136.38
300426,2006,2025-04-26 19:31:00,1005,4,42.08,168.32
300427,2003,2025-04-22 13:58:00,1012,2,42.69,85.38
300428,2023,2025-04-20 14:41:00,1008,2,39.17,78.34
300429,2037,2025-04-23 08:05:00,1015,5,45.83,229.14999999999998
300430,2035,2025-04-25 14:40:00,1012,2,42.69,85.38
300431,2069,2025-04-23 22:22:00,1000,3,40.46,121.38
300432,2072,2025-04-20 17:38:00,1010,2,45.6,91.2
300433,2028,2025-04-20 22:33:00,1000,3,40.46,121.38
300434,2045,2025-04-21 14:17:00,1007,1,44.49,44.49
300435,2068,2025-04-24 19:22:00,1001,2,37.04,74.08
300436,2022,2025-04-26 18:58:00,1005,3,42.08,126.24
300437,2075,2025-04-24 11:36:00,1000,3,40.46,121.38
300438,2024,2025-04-23 08:05:00,1015,2,45.83,91.66
300439,2007,2025-04-24 22:00:00,1007,1,44.49,44.49
300440,2042,2025-04-25 12:58:00,1006,3,41.25,123.75
300441,2041,2025-04-25 11:49:00,1001,5,37.04,185.2
300442,2014,2025-04-25 19:37:00,1011,3,41.99,125.97
300443,2012,2025-04-21 20:50:00,1010,2,45.6,91.2
300444,2081,2025-04-25 18:14:00,1015,2,45.83,91.66
300445,2085,2025-04-21 12:46:00,1005,3,42.08,126.24
300446,2000,2025-04-20 12:38:00,1012,5,42.69,213.45
300447,2040,2025-04-23 11:21:00,1007,1,44.49,44.49
300448,2009,2025-04-21 09:52:00,1007,3,44.49,133.47
300449,2085,2025-04-21 14:44:00,1010,3,45.6,136.8
300450,2008,2025-04-25 07:03:00,1011,1,41.99,41.99
300451,2049,2025-04-23 22:56:00,1014,2,46.71,93.42
300452,2048,2025-04-26 22:50:00,1011,1,41.99,41.99
300453,2073,2025-04-26 08:18:00,1007,1,44.49,44.49
300454,2002,2025-04-20 17:10:00,1010,1,45.6,45.6
300455,2048,2025-04-20 17:38:00,1005,5,42.08,210.39999999999998
300456,2078,2025-04-25 12:38:00,1015,4,45.83,183.32
300457,2055,2025-04-21 13:26:00,1005,3,42.08,126.24
300458,2089,2025-04-21 10:03:00,1008,3,39.17,117.51
300459,2050,2025-04-20 20:05:00,1015,3,45.83,137.49
300460,2037,2025-04-21 12:40:00,1015,1,45.83,45.83
300461,2037,2025-04-22 19:30:00,1002,1,45.46,45.46
300462,2062,2025-04-23 12:23:00,1008,5,39.17,195.85000000000002
300463,2048,2025-04-22 21:29:00,1011,1,41.99,41.99
300464,2033,2025-04-20 11:48:00,1007,5,44.49,222.45000000000002
300465,2089,2025-04-26 20:48:00,1003,3,38.8,116.39999999999999
300466,2075,2025-04-26 20:34:00,1007,4,44.49,177.96
300467,2087,2025-04-23 16:05:00,1015,2,45.83,91.66
300468,2050,2025-04-26 11:07:00,1001,5,37.04,185.2
300469,2057,2025-04-21 13:08:00,1005,2,42.08,84.16
300470,2005,2025-04-21 11:53:00,1013,4,43.01,172.04
300471,2076,2025-04-20 19:35:00,1008,1,39.17,39.17
300472,2050,2025-04-23 07:50:00,1010,5,45.6,228.0
300473,2089,2025-04-21 10:59:00,1013,2,43.01,86.02
300474,2013,2025-04-22 20:16:00,1003,5,38.8,194.0
300475,2049,2025-04-20 12:17:00,1015,4,45.83,183.32
300476,2051,2025-04-20 19:56:00,1004,4,44.54,178.16
300477,2042,2025-04-22 18:01:00,1007,4,44.49,177.96
300478,2043,2025-04-26 10:55:00,1009,4,36.62,146.48
300479,2029,2025-04-26 17:17:00,1004,4,44.54,178.16
300480,2053,2025-04-26 20:47:00,1002,2,45.46,90.92
300481,2062,2025-04-26 12:04:00,1011,5,41.99,209.95000000000002
300482,2039,2025-04-24 07:11:00,1012,5,42.69,213.45
300483,2024,2025-04-20 21:03:00,1006,2,41.25,82.5
300484,2046,2025-04-24 19:40:00,1006,4,41.25,165.0
300485,2015,2025-04-24 21:11:00,1000,4,40.46,161.84
300486,2060,2025-04-25 09:18:00,1011,3,41.99,125.97
300487,2003,2025-04-26 13:54:00,1012,5,42.69,213.45
300488,2028,2025-04-25 20:32:00,1007,3,44.49,133.47
300489,2002,2025-04-25 12:38:00,1000,2,40.46,80.92
300490,2001,2025-04-25 15:27:00,1007,3,44.49,133.47
300491,2048,2025-04-23 16:43:00,1011,2,41.99,83.98
300492,2066,2025-04-24 18:35:00,1012,1,42.69,42.69
300493,2082,2025-04-23 09:21:00,1009,1,36.62,36.62
300494,2035,2025-04-25 16:12:00,1010,3,45.6,136.8
300495,2019,2025-04-23 17:43:00,1007,5,44.49,222.45000000000002
300496,2017,2025-04-22 20:25:00,1000,3,40.46,121.38
300497,2049,2025-04-26 13:21:00,1001,5,37.04,185.2
300498,2028,2025-04-24 16:54:00,1015,3,45.83,137.49
300499,2021,2025-04-21 15:46:00,1005,4,42.08,168.32
300500,2071,2025-04-25 09:14:00,1005,3,42.08,126.24
300501,2045,2025-04-23 17:23:00,1007,3,44.49,133.47
300502,2033,2025-04-23 08:55:00,1009,1,36.62,36.62
300503,2081,2025-04-24 10:55:00,1002,2,45.46,90.92
300504,2087,2025-04-20 11:08:00,1012,4,42.69,170.76
300505,2025,2025-04-23 11:20:00,1010,5,45.6,228.0
300506,2023,2025-04-22 08:00:00,1002,2,45.46,90.92
300507,2057,2025-04-24 12:31:00,1008,2,39.17,78.34
300508,2011,2025-04-23 20:30:00,1004,4,44.54,178.16
300509,2049,2025-04-25 18:00:00,1000,2,40.46,80.92
300510,2041,2025-04-25 14:14:00,1006,1,41.25,41.25
300511,2088,2025-04-23 16:10:00,1011,1,41.99,41.99
300512,2008,2025-04-23 17:27:00,1001,3,37.04,111.12
300513,2087,2025-04-22 13:10:00,1004,4,44.54,178.16
300514,2051,2025-04-21 07:37:00,1000,2,40.46,80.92
300515,2064,2025-04-23 15:49:00,1005,1,42.08,42.08
300516,2068,2025-04-25 10:41:00,1001,1,37.04,37.04
300517,2002,2025-04-23 19:07:00,1001,4,37.04,148.16
300518,2070,2025-04-21 07:19:00,1008,2,39.17,78.34
300519,2053,2025-04-24 11:26:00,1003,3,38.8,116.39999999999999
300520,2013,2025-04-23 13:38:00,1003,1,38.8,38.8
300521,2025,2025-04-22 20:18:00,1008,2,39.17,78.34
300522,2020,2025-04-25 22:21:00,1001,2,37.04,74.08
300523,2030,2025-04-20 22:09:00,1000,1,40.46,40.46
300524,2011,2025-04-22 14:29:00,1002,1,45.46,45.46
300525,2037,2025-04-26 12:55:00,1008,1,39.17,39.17
300526,2005,2025-04-23 10:06:00,1009,3,36.62,109.85999999999999
300527,2005,2025-04-22 18:57:00,1000,2,40.46,80.92
300528,2056,2025-04-22 17:11:00,1008,1,39.17,39.17
300529,2014,2025-04-22 19:44:00,1012,4,42.69,170.76
300530,2061,2025-04-20 11:44:00,1013,2,43.01,86.02
300531,2007,2025-04-23 21:11:00,1005,5,42.08,210.39999999999998
300532,2078,2025-04-20 11:30:00,1012,5,42.69,213.45
300533,2062,2025-04-20 09:16:00,1003,4,38.8,155.2
300534,2083,2025-04-26 14:42:00,1010,5,45.6,228.0
300535,2043,2025-04-23 18:42:00,1003,2,38.8,77.6
300536,2086,2025-04-24 08:00:00,1012,5,42.69,213.45
300537,2082,2025-04-26 22:55:00,1005,4,42.08,168.32
300538,2021,2025-04-21 17:17:00,1002,3,45.46,136.38
300539,2006,2025-04-23 14:05:00,1007,4,44.49,177.96
300540,2058,2025-04-20 22:28:00,1014,4,46.71,186.84
300541,2040,2025-04-20 19:26:00,1003,1,38.8,38.8
300542,2004,2025-04-24 16:56:00,1000,5,40.46,202.3
300543,2065,2025-04-22 18:52:00,1006,4,41.25,165.0
300544,2006,2025-04-24 22:45:00,1007,3,44.49,133.47
300545,2084,2025-04-20 14:00:00,1011,1,41.99,41.99
300546,2043,2025-04-24 18:44:00,1011,3,41.99,125.97
300547,2013,2025-04-21 20:06:00,1001,4,37.04,148.16
300548,2032,2025-04-21 21:52:00,1006,4,41.25,165.0
300549,2024,2025-04-20 10:49:00,1010,4,45.6,182.4
300550,2057,2025-04-21 22:00:00,1014,5,46.71,233.55
300551,2067,2025-04-26 22:59:00,1001,4,37.04,148.16
300552,2065,2025-04-25 11:06:00,1005,2,42.08,84.16
300553,2049,2025-04-23 14:17:00,1010,4,45.6,182.4
300554,2050,2025-04-26 11:08:00,1010,4,45.6,182.4
300555,2052,2025-04-26 17:45:00,1009,5,36.62,183.1
300556,2070,2025-04-25 16:43:00,1006,5,41.25,206.25
300557,2044,2025-04-24 17:45:00,1004,2,44.54,89.08
300558,2014,2025-04-24 20:43:00,1011,5,41.99,209.95000000000002
300559,2068,2025-04-26 07:33:00,1009,4,36.62,146.48
300560,2013,2025-04-25 08:12:00,1000,1,40.46,40.46
300561,2034,2025-04-21 08:44:00,1005,3,42.08,126.24
300562,2037,2025-04-22 21:06:00,1006,1,41.25,41.25
300563,2078,2025-04-23 14:32:00,1007,5,44.49,222.45000000000002
300564,2089,2025-04-23 19:26:00,1009,1,36.62,36.62
300565,2087,2025-04-20 15:12:00,1010,1,45.6,45.6
300566,2079,2025-04-26 13:49:00,1014,3,46.71,140.13
300567,2024,2025-04-21 12:47:00,1009,1,36.62,36.62
300568,2065,2025-04-22 15:08:00,1003,4,38.8,155.2
300569,2020,2025-04-25 11:02:00,1008,4,39.17,156.68
300570,2019,2025-04-26 16:31:00,1010,5,45.6,228.0
300571,2073,2025-04-24 14:11:00,1011,3,41.99,125.97
300572,2066,2025-04-23 19:05:00,1002,2,45.46,90.92
300573,2044,2025-04-22 18:18:00,1007,3,44.49,133.47
300574,2027,2025-04-20 18:28:00,1015,1,45.83,45.83
300575,2030,2025-04-23 10:24:00,1007,3,44.49,133.47
300576,2032,2025-04-26 18:32:00,1009,5,36.62,183.1
300577,2065,2025-04-25 13:20:00,1014,3,46.71,140.13
300578,2065,2025-04-26 07:40:00,1002,2,45.46,90.92
300579,2008,2025-04-26 20:53:00,1006,2,41.25,82.5
300580,2013,2025-04-25 09:47:00,1006,4,41.25,165.0
300581,2087,2025-04-20 09:04:00,1004,3,44.54,133.62
300582,2006,2025-04-20 14:58:00,1005,5,42.08,210.39999999999998
300583,2033,2025-04-23 17:01:00,1013,4,43.01,172.04
300584,2049,2025-04-20 08:44:00,1003,5,38.8,194.0
300585,2009,2025-04-22 16:38:00,1011,1,41.99,41.99
300586,2011,2025-04-23 19:52:00,1009,4,36.62,146.48
300587,2084,2025-04-21 11:47:00,1000,5,40.46,202.3
300588,2050,2025-04-22 18:00:00,1009,2,36.62,73.24
300589,2070,2025-04-24 19:34:00,1004,1,44.54,44.54
300590,2070,2025-04-21 20:57:00,1002,3,45.46,136.38
300591,2082,2025-04-24 15:12:00,1004,2,44.54,89.08
300592,2014,2025-04-26 08:54:00,1005,5,42.08,210.39999999999998
300593,2070,2025-04-22 09:16:00,1014,1,46.71,46.71
300594,2012,2025-04-22 18:08:00,1006,4,41.25,165.0
300595,2085,2025-04-20 13:20:00,1007,5,44.49,222.45000000000002
300596,2062,2025-04-25 11:36:00,1014,3,46.71,140.13
300597,2072,2025-04-21 07:20:00,1011,4,41.99,167.96
300598,2031,2025-04-22 18:08:00,1007,4,44.49,177.96
300599,2086,2025-04-23 18:49:00,1010,4,45.6,182.4
300600,2039,2025-04-25 09:53:00,1015,2,45.83,91.66
300601,2035,2025-04-22 09:46:00,1004,2,44.54,89.08
300602,2009,2025-04-26 19:49:00,1000,1,40.46,40.46
300603,2075,2025-04-22 22:41:00,1006,5,41.25,206.25
300604,2019,2025-04-25 16:08:00,1011,5,41.99,209.95000000000002
300605,2059,2025-04-20 14:54:00,1002,5,45.46,227.3
300606,2078,2025-04-23 12:11:00,1005,2,42.08,84.16
300607,2072,2025-04-22 08:14:00,1004,4,44.54,178.16
300608,2062,2025-04-21 08:42:00,1007,3,44.49,133.47
300609,2026,2025-04-20 08:41:00,1011,4,41.99,167.96
300610,2041,2025-04-25 15:53:00,1003,5,38.8,194.0
300611,2033,2025-04-22 09:33:00,1005,4,42.08,168.32
300612,2032,2025-04-24 19:22:00,1012,2,42.69,85.38
300613,2044,2025-04-20 11:28:00,1015,5,45.83,229.14999999999998
300614,2021,2025-04-21 11:11:00,1007,3,44.49,133.47
300615,2020,2025-04-25 14:26:00,1011,1,41.99,41.99
300616,2042,2025-04-23 13:37:00,1003,4,38.8,155.2
300617,2020,2025-04-21 12:08:00,1013,1,43.01,43.01
300618,2080,2025-04-20 12:16:00,1001,2,37.04,74.08
300619,2023,2025-04-25 07:56:00,1012,5,42.69,213.45
300620,2084,2025-04-23 22:55:00,1009,2,36.62,73.24
300621,2061,2025-04-24 11:50:00,1005,4,42.08,168.32
300622,2074,2025-04-22 12:46:00,1005,5,42.08,210.39999999999998
300623,2087,2025-04-24 09:14:00,1010,5,45.6,228.0
300624,2048,2025-04-21 20:52:00,1012,1,42.69,42.69
300625,2019,2025-04-24 08:56:00,1003,5,38.8,194.0
300626,2068,2025-04-24 07:57:00,1003,2,38.8,77.6
300627,2086,2025-04-26 08:44:00,1013,3,43.01,129.03
300628,2067,2025-04-26 19:22:00,1013,4,43.01,172.04
300629,2075,2025-04-23 14:58:00,1003,3,38.8,116.39999999999999
300630,2010,2025-04-23 15:12:00,1009,5,36.62,183.1
300631,2000,2025-04-24 07:24:00,1000,1,40.46,40.46
300632,2083,2025-04-23 18:06:00,1006,3,41.25,123.75
300633,2019,2025-04-22 20:36:00,1013,3,43.01,129.03
300634,2046,2025-04-26 13:26:00,1008,4,39.17,156.68
300635,2070,2025-04-24 22:16:00,1015,5,45.83,229.14999999999998
300636,2039,2025-04-25 11:54:00,1011,4,41.99,167.96
300637,2084,2025-04-26 12:06:00,1003,4,38.8,155.2
300638,2027,2025-04-24 08:10:00,1012,5,42.69,213.45
300639,2049,2025-04-23 20:05:00,1000,2,40.46,80.92
300640,2008,2025-04-24 08:46:00,1008,1,39.17,39.17
300641,2049,2025-04-22 08:49:00,1012,5,42.69,213.45
300642,2022,2025-04-26 16:12:00,1015,2,45.83,91.66
300643,2004,2025-04-22 14:41:00,1007,1,44.49,44.49
300644,2000,2025-04-26 19:22:00,1005,3,42.08,126.24
300645,2085,2025-04-24 07:47:00,1012,2,42.69,85.38
300646,2008,2025-04-24 18:22:00,1002,5,45.46,227.3
300647,2035,2025-04-23 19:36:00,1007,2,44.49,88.98
300648,2000,2025-04-20 09:32:00,1008,5,39.17,195.85000000000002
300649,2037,2025-04-22 15:44:00,1010,5,45.6,228.0
300650,2056,2025-04-26 17:49:00,1012,2,42.69,85.38
300651,2058,2025-04-23 10:16:00,1014,1,46.71,46.71
300652,2008,2025-04-25 14:51:00,1012,2,42.69,85.38
300653,2040,2025-04-24 07:44:00,1013,5,43.01,215.04999999999998
300654,2033,2025-04-25 17:04:00,1007,4,44.49,177.96
300655,2070,2025-04-21 15:11:00,1005,3,42.08,126.24
300656,2087,2025-04-21 14:55:00,1006,2,41.25,82.5
300657,2033,2025-04-26 18:09:00,1006,2,41.25,82.5
300658,2013,2025-04-24 07:48:00,1003,4,38.8,155.2
300659,2069,2025-04-24 17:31:00,1001,3,37.04,111.12
300660,2073,2025-04-22 19:14:00,1008,5,39.17,195.85000000000002
300661,2073,2025-04-23 08:32:00,1004,4,44.54,178.16
300662,2044,2025-04-23 10:44:00,1012,2,42.69,85.38
300663,2066,2025-04-20 13:24:00,1014,1,46.71,46.71
300664,2074,2025-04-26 15:11:00,1003,5,38.8,194.0
300665,2070,2025-04-24 17:23:00,1008,4,39.17,156.68
300666,2023,2025-04-25 18:23:00,1015,4,45.83,183.32
300667,2051,2025-04-21 14:52:00,1008,5,39.17,195.85000000000002
300668,2012,2025-04-23 19:12:00,1008,5,39.17,195.85000000000002
300669,2018,2025-04-21 20:31:00,1004,1,44.54,44.54
300670,2017,2025-04-22 08:25:00,1010,3,45.6,136.8
300671,2012,2025-04-23 10:28:00,1005,3,42.08,126.24
300672,2042,2025-04-24 15:22:00,1008,5,39.17,195.85000000000002
300673,2002,2025-04-21 12:49:00,1013,5,43.01,215.04999999999998
300674,2036,2025-04-23 21:56:00,1011,5,41.99,209.95000000000002
300675,2010,2025-04-25 11:55:00,1012,4,42.69,170.76
300676,2021,2025-04-24 19:54:00,1010,5,45.6,228.0
300677,2009,2025-04-22 17:41:00,1002,2,45.46,90.92
300678,2037,2025-04-22 21:49:00,1008,4,39.17,156.68
300679,2046,2025-04-26 07:08:00,1014,2,46.71,93.42
300680,2030,2025-04-21 12:25:00,1008,1,39.17,39.17
300681,2013,2025-04-24 08:01:00,1003,4,38.8,155.2
300682,2050,2025-04-21 09:41:00,1002,5,45.46,227.3
300683,2049,2025-04-23 11:08:00,1009,3,36.62,109.85999999999999
300684,2067,2025-04-26 17:55:00,1005,3,42.08,126.24
300685,2060,2025-04-22 21:08:00,1014,5,46.71,233.55
300686,2089,2025-04-25 20:33:00,1005,4,42.08,168.32
300687,2081,2025-04-24 14:51:00,1009,4,36.62,146.48
300688,2011,2025-04-22 11:19:00,1014,4,46.71,186.84
300689,2001,2025-04-22 16:30:00,1000,2,40.46,80.92
300690,2068,2025-04-26 22:19:00,1000,4,40.46,161.84
300691,2001,2025-04-21 07:35:00,1013,5,43.01,215.04999999999998
300692,2047,2025-04-23 19:15:00,1006,5,41.25,206.25
300693,2020,2025-04-22 09:27:00,1012,2,42.69,85.38
300694,2080,2025-04-26 15:18:00,1007,5,44.49,222.45000000000002
300695,2083,2025-04-21 11:18:00,1008,1,39.17,39.17
300696,2014,2025-04-25 22:12:00,1014,3,46.71,140.13
300697,2041,2025-04-20 12:06:00,1000,5,40.46,202.3
300698,2036,2025-04-25 07:14:00,1008,4,39.17,156.68
300699,2011,2025-04-22 20:19:00,1004,2,44.54,89.08
300700,2063,2025-04-22 09:53:00,1011,1,41.99,41.99
300701,2018,2025-04-20 22:11:00,1001,4,37.04,148.16
300702,2024,2025-04-20 14:24:00,1008,1,39.17,39.17
300703,2056,2025-04-21 21:47:00,1007,1,44.49,44.49
300704,2012,2025-04-22 12:40:00,1006,3,41.25,123.75
300705,2005,2025-04-21 18:56:00,1003,3,38.8,116.39999999999999
300706,2006,2025-04-25 20:20:00,1006,2,41.25,82.5
300707,2001,2025-04-20 19:50:00,1005,5,42.08,210.39999999999998
300708,2031,2025-04-26 22:44:00,1000,5,40.46,202.3
300709,2076,2025-04-21 12:31:00,1004,1,44.54,44.54
300710,2011,2025-04-20 18:41:00,1010,1,45.6,45.6
300711,2019,2025-04-22 18:51:00,1003,2,38.8,77.6
300712,2056,2025-04-22 11:16:00,1006,4,41.25,165.0
300713,2005,2025-04-22 22:12:00,1015,5,45.83,229.14999999999998
300714,2072,2025-04-25 21:17:00,1005,3,42.08,126.24
300715,2076,2025-04-23 16:52:00,1005,2,42.08,84.16
300716,2033,2025-04-23 12:56:00,1011,5,41.99,209.95000000000002
300717,2002,2025-04-22 09:42:00,1011,2,41.99,83.98
300718,2068,2025-04-26 11:39:00,1012,4,42.69,170.76
300719,2036,2025-04-20 10:33:00,1010,3,45.6,136.8
300720,2084,2025-04-21 08:12:00,1002,2,45.46,90.92
300721,2013,2025-04-24 19:42:00,1015,1,45.83,45.83
300722,2062,2025-04-24 09:00:00,1008,2,39.17,78.34
300723,2026,2025-04-23 08:23:00,1015,1,45.83,45.83
300724,2071,2025-04-26 15:33:00,1013,1,43.01,43.01
300725,2005,2025-04-21 10:06:00,1002,1,45.46,45.46
300726,2029,2025-04-25 14:36:00,1012,5,42.69,213.45
300727,2080,2025-04-23 10:49:00,1005,5,42.08,210.39999999999998
300728,2081,2025-04-20 12:50:00,1011,4,41.99,167.96
300729,2023,2025-04-24 21:59:00,1012,2,42.69,85.38
300730,2045,2025-04-26 18:26:00,1010,3,45.6,136.8
300731,2081,2025-04-24 14:36:00,1013,3,43.01,129.03
300732,2069,2025-04-25 15:23:00,1006,5,41.25,206.25
300733,2057,2025-04-25 08:18:00,1014,1,46.71,46.71
300734,2076,2025-04-20 16:14:00,1000,3,40.46,121.38
300735,2027,2025-04-24 11:06:00,1010,3,45.6,136.8
300736,2004,2025-04-22 18:56:00,1014,2,46.71,93.42
300737,2074,2025-04-20 19:36:00,1007,3,44.49,133.47
300738,2027,2025-04-21 22:52:00,1002,4,45.46,181.84
300739,2088,2025-04-20 19:05:00,1003,3,38.8,116.39999999999999
300740,2007,2025-04-23 10:55:00,1010,4,45.6,182.4
300741,2029,2025-04-20 16:33:00,1000,4,40.46,161.84
300742,2005,2025-04-22 14:09:00,1010,2,45.6,91.2
300743,2006,2025-04-24 09:14:00,1012,5,42.69,213.45
300744,2055,2025-04-21 17:05:00,1009,2,36.62,73.24
300745,2060,2025-04-20 19:32:00,1001,3,37.04,111.12
300746,2055,2025-04-24 13:31:00,1004,4,44.54,178.16
300747,2050,2025-04-21 14:04:00,1006,5,41.25,206.25
300748,2034,2025-04-20 10:42:00,1013,5,43.01,215.04999999999998
300749,2052,2025-04-22 18:38:00,1013,2,43.01,86.02
300750,2083,2025-04-22 21:39:00,1000,2,40.46,80.92
300751,2018,2025-04-21 18:09:00,1014,2,46.71,93.42
300752,2010,2025-04-24 11:55:00,1003,2,38.8,77.6
300753,2036,2025-04-22 21:30:00,1000,1,40.46,40.46
300754,2002,2025-04-21 13:34:00,1010,5,45.6,228.0
300755,2066,2025-04-25 11:44:00,1008,5,39.17,195.85000000000002
300756,2089,2025-04-20 15:10:00,1000,5,40.46,202.3
300757,2007,2025-04-22 08:29:00,1009,5,36.62,183.1
300758,2083,2025-04-25 18:55:00,1000,3,40.46,121.38
300759,2013,2025-04-21 19:32:00,1000,4,40.46,161.84
300760,2012,2025-04-24 09:11:00,1010,5,45.6,228.0
300761,2025,2025-04-20 14:59:00,1014,1,46.71,46.71
300762,2067,2025-04-25 12:01:00,1009,4,36.62,146.48
300763,2044,2025-04-21 15:51:00,1011,3,41.99,125.97
300764,2007,2025-04-24 15:14:00,1008,1,39.17,39.17
300765,2019,2025-04-20 19:33:00,1010,2,45.6,91.2
300766,2086,2025-04-21 20:19:00,1007,5,44.49,222.45000000000002
300767,2077,2025-04-21 11:37:00,1010,2,45.6,91.2
300768,2069,2025-04-25 11:27:00,1006,3,41.25,123.75
300769,2018,2025-04-24 10:11:00,1005,5,42.08,210.39999999999998
300770,2040,2025-04-23 20:19:00,1004,3,44.54,133.62
300771,2056,2025-04-20 11:11:00,1008,2,39.17,78.34
300772,2003,2025-04-21 14:14:00,1008,5,39.17,195.85000000000002
300773,2087,2025-04-21 22:45:00,1000,4,40.46,161.84
300774,2083,2025-04-23 22:08:00,1011,4,41.99,167.96
300775,2020,2025-04-26 07:59:00,1006,4,41.25,165.0
300776,2034,2025-04-26 13:04:00,1013,2,43.01,86.02
300777,2022,2025-04-25 17:55:00,1014,4,46.71,186.84
300778,2058,2025-04-24 19:46:00,1007,1,44.49,44.49
300779,2040,2025-04-24 08:33:00,1012,5,42.69,213.45
300780,2013,2025-04-21 19:47:00,1014,1,46.71,46.71
300781,2005,2025-04-21 16:28:00,1012,1,42.69,42.69
300782,2050,2025-04-23 12:27:00,1009,3,36.62,109.85999999999999
300783,2037,2025-04-23 21:05:00,1001,2,37.04,74.08
300784,2064,2025-04-25 11:25:00,1003,5,38.8,194.0
300785,2052,2025-04-23 13:56:00,1010,2,45.6,91.2
300786,2058,2025-04-25 10:05:00,1002,2,45.46,90.92
300787,2014,2025-04-24 19:46:00,1014,1,46.71,46.71
300788,2065,2025-04-20 12:58:00,1005,4,42.08,168.32
300789,2042,2025-04-21 08:26:00,1004,2,44.54,89.08
300790,2039,2025-04-22 12:07:00,1009,4,36.62,146.48
300791,2016,2025-04-20 21:31:00,1006,3,41.25,123.75
300792,2063,2025-04-21 13:37:00,1000,4,40.46,161.84
300793,2084,2025-04-20 07:15:00,1015,4,45.83,183.32
300794,2070,2025-04-26 13:03:00,1008,5,39.17,195.85000000000002
300795,2023,2025-04-20 11:54:00,1004,3,44.54,133.62
300796,2004,2025-04-20 10:26:00,1009,1,36.62,36.62
300797,2022,2025-04-25 12:29:00,1005,5,42.08,210.39999999999998
300798,2074,2025-04-26 16:20:00,1011,1,41.99,41.99
300799,2047,2025-04-26 09:18:00,1012,4,42.69,170.76
300800,2060,2025-04-22 20:33:00,1004,3,44.54,133.62
300801,2026,2025-04-24 09:30:00,1006,1,41.25,41.25
300802,2088,2025-04-22 18:59:00,1009,3,36.62,109.85999999999999
300803,2016,2025-04-23 12:56:00,1015,4,45.83,183.32
300804,2078,2025-04-20 10:01:00,1007,2,44.49,88.98
300805,2059,2025-04-26 20:26:00,1003,2,38.8,77.6
300806,2005,2025-04-20 13:44:00,1010,2,45.6,91.2
300807,2036,2025-04-22 17:49:00,1008,3,39.17,117.51
300808,2000,2025-04-23 07:53:00,1003,3,38.8,116.39999999999999
300809,2022,2025-04-25 22:58:00,1006,3,41.25,123.75
300810,2060,2025-04-21 21:57:00,1001,4,37.04,148.16
300811,2068,2025-04-25 08:53:00,1010,4,45.6,182.4
300812,2066,2025-04-24 07:13:00,1009,3,36.62,109.85999999999999
300813,2073,2025-04-20 11:17:00,1010,3,45.6,136.8
300814,2003,2025-04-26 12:36:00,1010,5,45.6,228.0
300815,2077,2025-04-26 16:45:00,1012,1,42.69,42.69
300816,2040,2025-04-23 14:23:00,1001,1,37.04,37.04
300817,2057,2025-04-21 10:23:00,1009,3,36.62,109.85999999999999
300818,2004,2025-04-24 07:51:00,1006,4,41.25,165.0
300819,2061,2025-04-25 16:49:00,1004,4,44.54,178.16
300820,2041,2025-04-26 11:13:00,1004,1,44.54,44.54
300821,2004,2025-04-20 07:19:00,1014,5,46.71,233.55
300822,2005,2025-04-20 16:01:00,1002,1,45.46,45.46
300823,2073,2025-04-22 13:12:00,1009,2,36.62,73.24
300824,2036,2025-04-25 10:17:00,1008,4,39.17,156.68
300825,2019,2025-04-24 10:13:00,1005,1,42.08,42.08
300826,2069,2025-04-21 16:36:00,1011,3,41.99,125.97
300827,2031,2025-04-22 21:03:00,1005,5,42.08,210.39999999999998
300828,2016,2025-04-20 19:03:00,1000,1,40.46,40.46
300829,2011,2025-04-24 21:39:00,1013,5,43.01,215.04999999999998
300830,2045,2025-04-25 09:59:00,1009,2,36.62,73.24
300831,2059,2025-04-20 21:19:00,1004,4,44.54,178.16
300832,2087,2025-04-21 15:58:00,1014,2,46.71,93.42
300833,2046,2025-04-26 17:29:00,1012,3,42.69,128.07
300834,2062,2025-04-22 22:29:00,1000,1,40.46,40.46
300835,2021,2025-04-24 11:32:00,1009,5,36.62,183.1
300836,2013,2025-04-22 09:50:00,1012,1,42.69,42.69
300837,2038,2025-04-21 14:35:00,1014,4,46.71,186.84
300838,2020,2025-04-21 20:50:00,1015,3,45.83,137.49
300839,2055,2025-04-21 09:47:00,1010,2,45.6,91.2
300840,2073,2025-04-23 17:35:00,1015,5,45.83,229.14999999999998
300841,2012,2025-04-20 10:43:00,1014,4,46.71,186.84
300842,2076,2025-04-20 13:52:00,1012,1,42.69,42.69
300843,2017,2025-04-23 16:24:00,1000,2,40.46,80.92
300844,2078,2025-04-22 16:58:00,1014,3,46.71,140.13
300845,2055,2025-04-20 19:54:00,1011,5,41.99,209.95000000000002
300846,2016,2025-04-20 07:45:00,1009,5,36.62,183.1
300847,2071,2025-04-26 07:15:00,1011,3,41.99,125.97
300848,2055,2025-04-23 19:27:00,1012,4,42.69,170.76
300849,2069,2025-04-21 13:35:00,1006,4,41.25,165.0
300850,2049,2025-04-22 11:08:00,1011,2,41.99,83.98
300851,2001,2025-04-25 22:42:00,1002,2,45.46,90.92
300852,2055,2025-04-26 21:57:00,1004,4,44.54,178.16
300853,2089,2025-04-24 20:35:00,1013,4,43.01,172.04
300854,2057,2025-04-23 07:36:00,1012,2,42.69,85.38
300855,2063,2025-04-23 18:02:00,1007,3,44.49,133.47
300856,2004,2025-04-24 22:44:00,1015,1,45.83,45.83
300857,2010,2025-04-26 15:29:00,1004,5,44.54,222.7
300858,2066,2025-04-20 14:30:00,1002,5,45.46,227.3
300859,2080,2025-04-26 16:39:00,1002,5,45.46,227.3
300860,2006,2025-04-23 21:32:00,1010,1,45.6,45.6
300861,2060,2025-04-22 12:02:00,1010,3,45.6,136.8
300862,2088,2025-04-22 08:40:00,1009,5,36.62,183.1
300863,2060,2025-04-26 07:18:00,1005,3,42.08,126.24
300864,2062,2025-04-26 15:16:00,1002,1,45.46,45.46
300865,2016,2025-04-20 10:38:00,1008,3,39.17,117.51
300866,2022,2025-04-26 12:16:00,1004,3,44.54,133.62
300867,2089,2025-04-26 08:21:00,1007,5,44.49,222.45000000000002
300868,2010,2025-04-26 22:48:00,1004,2,44.54,89.08
300869,2052,2025-04-25 12:13:00,1012,4,42.69,170.76
300870,2073,2025-04-26 10:03:00,1011,3,41.99,125.97
300871,2021,2025-04-23 14:24:00,1014,3,46.71,140.13
300872,2087,2025-04-24 20:00:00,1012,2,42.69,85.38
300873,2036,2025-04-24 08:06:00,1014,3,46.71,140.13
300874,2068,2025-04-24 15:21:00,1011,4,41.99,167.96
300875,2034,2025-04-25 19:29:00,1008,3,39.17,117.51
300876,2086,2025-04-26 13:33:00,1007,5,44.49,222.45000000000002
300877,2043,2025-04-25 07:53:00,1005,1,42.08,42.08
300878,2008,2025-04-20 21:22:00,1000,5,40.46,202.3
300879,2028,2025-04-20 09:03:00,1009,1,36.62,36.62
300880,2076,2025-04-25 10:05:00,1006,1,41.25,41.25
300881,2077,2025-04-26 12:57:00,1004,5,44.54,222.7
300882,2014,2025-04-25 09:40:00,1005,4,42.08,168.32
300883,2058,2025-04-22 12:49:00,1008,3,39.17,117.51
300884,2009,2025-04-23 17:03:00,1008,4,39.17,156.68
300885,2033,2025-04-23 13:39:00,1008,1,39.17,39.17
300886,2050,2025-04-21 20:13:00,1005,1,42.08,42.08
300887,2078,2025-04-20 08:04:00,1003,3,38.8,116.39999999999999
300888,2009,2025-04-23 11:41:00,1008,1,39.17,39.17
300889,2081,2025-04-22 11:44:00,1000,4,40.46,161.84
300890,2042,2025-04-25 22:30:00,1012,5,42.69,213.45
300891,2055,2025-04-24 14:00:00,1012,1,42.69,42.69
300892,2049,2025-04-22 17:43:00,1015,5,45.83,229.14999999999998
300893,2038,2025-04-22 17:05:00,1012,1,42.69,42.69
300894,2058,2025-04-24 08:24:00,1009,2,36.62,73.24
300895,2084,2025-04-20 18:31:00,1006,4,41.25,165.0
300896,2010,2025-04-20 13:01:00,1014,2,46.71,93.42
300897,2075,2025-04-26 16:31:00,1007,1,44.49,44.49
300898,2068,2025-04-20 17:03:00,1014,1,46.71,46.71
300899,2043,2025-04-26 21:43:00,1001,2,37.04,74.08
300900,2068,2025-04-20 08:47:00,1004,2,44.54,89.08
300901,2018,2025-04-24 08:15:00,1015,4,45.83,183.32
300902,2089,2025-04-22 10:29:00,1004,1,44.54,44.54
300903,2078,2025-04-26 10:07:00,1005,1,42.08,42.08
300904,2063,2025-04-23 17:51:00,1007,2,44.49,88.98
300905,2086,2025-04-24 11:20:00,1012,5,42.69,213.45
300906,2027,2025-04-20 10:17:00,1001,3,37.04,111.12
300907,2018,2025-04-24 12:28:00,1013,3,43.01,129.03
300908,2031,2025-04-23 12:01:00,1001,5,37.04,185.2
300909,2062,2025-04-20 16:26:00,1002,2,45.46,90.92
300910,2088,2025-04-21 15:33:00,1015,2,45.83,91.66
300911,2057,2025-04-24 08:38:00,1013,2,43.01,86.02
300912,2023,2025-04-25 16:22:00,1015,1,45.83,45.83
300913,2053,2025-04-20 10:39:00,1000,2,40.46,80.92
300914,2046,2025-04-22 08:12:00,1007,2,44.49,88.98
300915,2014,2025-04-23 12:10:00,1004,4,44.54,178.16
300916,2085,2025-04-22 13:27:00,1001,3,37.04,111.12
300917,2032,2025-04-20 10:47:00,1010,4,45.6,182.4
300918,2006,2025-04-23 10:04:00,1005,1,42.08,42.08
300919,2030,2025-04-23 13:47:00,1014,3,46.71,140.13
300920,2086,2025-04-22 14:06:00,1010,1,45.6,45.6
300921,2030,2025-04-21 09:30:00,1013,4,43.01,172.04
300922,2074,2025-04-21 13:59:00,1015,4,45.83,183.32
300923,2078,2025-04-21 21:46:00,1014,3,46.71,140.13
300924,2024,2025-04-22 11:02:00,1011,2,41.99,83.98
300925,2088,2025-04-26 21:29:00,1001,1,37.04,37.04
300926,2053,2025-04-22 12:50:00,1005,2,42.08,84.16
300927,2081,2025-04-26 14:05:00,1005,5,42.08,210.39999999999998
300928,2052,2025-04-24 22:53:00,1015,2,45.83,91.66
300929,2059,2025-04-25 14:15:00,1008,4,39.17,156.68
300930,2041,2025-04-21 07:26:00,1013,5,43.01,215.04999999999998
300931,2005,2025-04-20 20:33:00,1001,5,37.04,185.2
300932,2050,2025-04-23 22:15:00,1015,1,45.83,45.83
300933,2010,2025-04-21 11:22:00,1000,4,40.46,161.84
300934,2037,2025-04-20 22:42:00,1007,1,44.49,44.49
300935,2039,2025-04-25 07:29:00,1005,5,42.08,210.39999999999998
300936,2059,2025-04-21 18:40:00,1004,4,44.54,178.16
300937,2059,2025-04-23 17:33:00,1000,1,40.46,40.46
300938,2004,2025-04-25 13:50:00,1009,3,36.62,109.85999999999999
300939,2087,2025-04-25 08:32:00,1002,3,45.46,136.38
300940,2086,2025-04-23 18:29:00,1011,1,41.99,41.99
300941,2079,2025-04-25 09:35:00,1001,2,37.04,74.08
300942,2026,2025-04-24 10:41:00,1004,2,44.54,89.08
300943,2061,2025-04-22 18:57:00,1006,2,41.25,82.5
300944,2034,2025-04-22 18:28:00,1013,1,43.01,43.01
300945,2062,2025-04-25 16:28:00,1003,5,38.8,194.0
300946,2079,2025-04-21 21:05:00,1011,1,41.99,41.99
300947,2010,2025-04-20 10:10:00,1012,3,42.69,128.07
300948,2035,2025-04-21 13:33:00,1003,4,38.8,155.2
300949,2080,2025-04-21 22:22:00,1000,5,40.46,202.3
300950,2053,2025-04-22 13:04:00,1014,1,46.71,46.71
300951,2002,2025-04-25 17:26:00,1007,5,44.49,222.45000000000002
300952,2074,2025-04-23 21:29:00,1010,3,45.6,136.8
300953,2038,2025-04-21 15:14:00,1004,3,44.54,133.62
300954,2061,2025-04-21 18:18:00,1011,1,41.99,41.99
300955,2058,2025-04-25 16:11:00,1005,2,42.08,84.16
300956,2022,2025-04-20 17:36:00,1004,1,44.54,44.54
300957,2016,2025-04-21 08:42:00,1014,2,46.71,93.42
300958,2040,2025-04-24 12:34:00,1011,4,41.99,167.96
300959,2038,2025-04-23 11:29:00,1003,4,38.8,155.2
300960,2040,2025-04-24 17:41:00,1004,5,44.54,222.7
300961,2037,2025-04-25 11:51:00,1015,5,45.83,229.14999999999998
300962,2072,2025-04-25 22:57:00,1014,1,46.71,46.71
300963,2005,2025-04-22 07:25:00,1004,1,44.54,44.54
300964,2079,2025-04-22 08:38:00,1007,1,44.49,44.49
300965,2082,2025-04-26 15:12:00,1006,2,41.25,82.5
300966,2002,2025-04-25 09:32:00,1002,4,45.46,181.84
300967,2050,2025-04-24 08:58:00,1006,5,41.25,206.25
300968,2085,2025-04-22 19:23:00,1011,4,41.99,167.96
300969,2001,2025-04-23 09:13:00,1009,3,36.62,109.85999999999999
300970,2056,2025-04-21 20:46:00,1013,3,43.01,129.03
300971,2053,2025-04-20 11:13:00,1004,5,44.54,222.7
300972,2038,2025-04-22 09:59:00,1015,5,45.83,229.14999999999998
300973,2075,2025-04-25 15:26:00,1012,4,42.69,170.76
300974,2022,2025-04-21 12:53:00,1014,2,46.71,93.42
300975,2048,2025-04-26 16:53:00,1009,1,36.62,36.62
300976,2074,2025-04-21 07:50:00,1009,4,36.62,146.48
300977,2000,2025-04-20 16:26:00,1004,4,44.54,178.16
300978,2022,2025-04-20 10:48:00,1015,2,45.83,91.66
300979,2035,2025-04-24 18:37:00,1015,1,45.83,45.83
300980,2061,2025-04-25 10:23:00,1013,4,43.01,172.04
300981,2065,2025-04-24 08:09:00,1000,2,40.46,80.92
300982,2040,2025-04-22 12:03:00,1014,2,46.71,93.42
300983,2034,2025-04-20 16:18:00,1011,3,41.99,125.97
300984,2067,2025-04-26 10:38:00,1002,2,45.46,90.92
300985,2021,2025-04-22 18:06:00,1010,3,45.6,136.8
300986,2068,2025-04-21 16:23:00,1011,1,41.99,41.99
300987,2062,2025-04-20 13:09:00,1013,2,43.01,86.02
300988,2064,2025-04-24 10:26:00,1007,5,44.49,222.45000000000002
300989,2058,2025-04-20 22:22:00,1002,2,45.46,90.92
300990,2039,2025-04-24 17:11:00,1011,4,41.99,167.96
300991,2038,2025-04-21 11:54:00,1000,1,40.46,40.46
300992,2088,2025-04-21 13:08:00,1004,3,44.54,133.62
300993,2010,2025-04-20 07:49:00,1013,1,43.01,43.01
300994,2061,2025-04-20 08:30:00,1013,1,43.01,43.01
300995,2015,2025-04-25 07:48:00,1008,3,39.17,117.51
300996,2012,2025-04-24 13:11:00,1003,2,38.8,77.6
300997,2085,2025-04-26 15:37:00,1011,2,41.99,83.98
300998,2044,2025-04-26 14:32:00,1011,5,41.99,209.95000000000002
300999,2072,2025-04-26 07:33:00,1002,5,45.46,227.3
