Warehouse_ID,Market,Date,SKU_ID,Cases_Shipped
IN-MUM-DC,India,2025-04-20,1006,606
IN-MUM-DC,India,2025-04-20,1009,327
IN-MUM-DC,India,2025-04-20,1003,713
IN-MUM-DC,India,2025-04-20,1015,427
IN-MUM-DC,India,2025-04-20,1014,584
IN-DEL-DC,India,2025-04-20,1005,667
IN-MUM-DC,India,2025-04-20,1012,457
IN-MUM-DC,India,2025-04-20,1007,448
IN-DEL-DC,India,2025-04-20,1010,303
IN-MUM-DC,India,2025-04-20,1003,506
IN-DEL-DC,India,2025-04-20,1015,630
IN-MUM-DC,India,2025-04-20,1009,525
IN-DEL-DC,India,2025-04-20,1002,407
IN-DEL-DC,India,2025-04-20,1003,437
IN-DEL-DC,India,2025-04-20,1014,547
IN-DEL-DC,India,2025-04-20,1014,355
IN-DEL-DC,India,2025-04-20,1009,677
IN-MUM-DC,India,2025-04-20,1006,678
IN-DEL-DC,India,2025-04-20,1015,720
IN-DEL-DC,India,2025-04-20,1005,246
IN-DEL-DC,India,2025-04-20,1003,442
IN-MUM-DC,India,2025-04-20,1002,301
IN-MUM-DC,India,2025-04-20,1012,445
IN-DEL-DC,India,2025-04-20,1005,273
IN-MUM-DC,India,2025-04-20,1006,413
IN-MUM-DC,India,2025-04-20,1012,302
IN-DEL-DC,India,2025-04-20,1013,611
IN-DEL-DC,India,2025-04-20,1008,631
IN-DEL-DC,India,2025-04-20,1012,422
IN-DEL-DC,India,2025-04-20,1012,488
IN-DEL-DC,India,2025-04-20,1004,633
IN-DEL-DC,India,2025-04-20,1003,302
IN-MUM-DC,India,2025-04-20,1015,494
IN-MUM-DC,India,2025-04-20,1004,255
IN-MUM-DC,India,2025-04-20,1001,665
IN-MUM-DC,India,2025-04-20,1015,587
IN-DEL-DC,India,2025-04-20,1005,435
IN-MUM-DC,India,2025-04-20,1004,395
IN-DEL-DC,India,2025-04-20,1002,578
IN-DEL-DC,India,2025-04-20,1014,343
IN-DEL-DC,India,2025-04-20,1015,491
IN-MUM-DC,India,2025-04-20,1010,654
IN-MUM-DC,India,2025-04-20,1001,460
IN-DEL-DC,India,2025-04-20,1012,470
IN-DEL-DC,India,2025-04-20,1012,466
IN-MUM-DC,India,2025-04-20,1001,256
IN-MUM-DC,India,2025-04-20,1009,692
IN-MUM-DC,India,2025-04-20,1015,460
IN-DEL-DC,India,2025-04-20,1009,606
IN-MUM-DC,India,2025-04-20,1015,631
IN-DEL-DC,India,2025-04-21,1015,577
IN-MUM-DC,India,2025-04-21,1015,527
IN-DEL-DC,India,2025-04-21,1001,440
IN-DEL-DC,India,2025-04-21,1015,542
IN-DEL-DC,India,2025-04-21,1011,632
IN-MUM-DC,India,2025-04-21,1010,271
IN-DEL-DC,India,2025-04-21,1001,305
IN-MUM-DC,India,2025-04-21,1011,654
IN-MUM-DC,India,2025-04-21,1010,434
IN-DEL-DC,India,2025-04-21,1013,416
IN-MUM-DC,India,2025-04-21,1013,419
IN-MUM-DC,India,2025-04-21,1007,366
IN-MUM-DC,India,2025-04-21,1009,543
IN-DEL-DC,India,2025-04-21,1002,684
IN-MUM-DC,India,2025-04-21,1003,412
IN-DEL-DC,India,2025-04-21,1000,515
IN-DEL-DC,India,2025-04-21,1001,475
IN-MUM-DC,India,2025-04-21,1013,376
IN-MUM-DC,India,2025-04-21,1015,541
IN-DEL-DC,India,2025-04-21,1010,433
IN-MUM-DC,India,2025-04-21,1010,533
IN-MUM-DC,India,2025-04-21,1015,291
IN-DEL-DC,India,2025-04-21,1010,494
IN-DEL-DC,India,2025-04-21,1005,554
IN-MUM-DC,India,2025-04-21,1011,463
IN-MUM-DC,India,2025-04-21,1015,565
IN-DEL-DC,India,2025-04-21,1006,387
IN-DEL-DC,India,2025-04-21,1001,392
IN-MUM-DC,India,2025-04-21,1007,559
IN-DEL-DC,India,2025-04-21,1003,543
IN-DEL-DC,India,2025-04-21,1008,274
IN-DEL-DC,India,2025-04-21,1013,347
IN-DEL-DC,India,2025-04-21,1002,573
IN-DEL-DC,India,2025-04-21,1009,461
IN-DEL-DC,India,2025-04-21,1006,452
IN-DEL-DC,India,2025-04-21,1008,559
IN-MUM-DC,India,2025-04-21,1005,691
IN-DEL-DC,India,2025-04-21,1005,535
IN-DEL-DC,India,2025-04-21,1006,578
IN-DEL-DC,India,2025-04-21,1008,719
IN-MUM-DC,India,2025-04-21,1001,507
IN-MUM-DC,India,2025-04-21,1011,476
IN-DEL-DC,India,2025-04-21,1007,317
IN-DEL-DC,India,2025-04-21,1013,450
IN-MUM-DC,India,2025-04-21,1002,564
IN-DEL-DC,India,2025-04-21,1013,376
IN-MUM-DC,India,2025-04-21,1005,371
IN-MUM-DC,India,2025-04-21,1012,362
IN-MUM-DC,India,2025-04-21,1004,338
IN-DEL-DC,India,2025-04-21,1007,648
IN-DEL-DC,India,2025-04-22,1014,488
IN-MUM-DC,India,2025-04-22,1013,571
IN-DEL-DC,India,2025-04-22,1006,321
IN-DEL-DC,India,2025-04-22,1004,254
IN-MUM-DC,India,2025-04-22,1008,577
IN-DEL-DC,India,2025-04-22,1001,609
IN-MUM-DC,India,2025-04-22,1000,268
IN-DEL-DC,India,2025-04-22,1010,548
IN-DEL-DC,India,2025-04-22,1002,701
IN-MUM-DC,India,2025-04-22,1011,583
IN-MUM-DC,India,2025-04-22,1012,669
IN-MUM-DC,India,2025-04-22,1007,297
IN-MUM-DC,India,2025-04-22,1008,494
IN-MUM-DC,India,2025-04-22,1007,547
IN-DEL-DC,India,2025-04-22,1010,408
IN-DEL-DC,India,2025-04-22,1007,718
IN-MUM-DC,India,2025-04-22,1006,313
IN-DEL-DC,India,2025-04-22,1005,349
IN-DEL-DC,India,2025-04-22,1014,449
IN-DEL-DC,India,2025-04-22,1001,491
IN-DEL-DC,India,2025-04-22,1003,402
IN-MUM-DC,India,2025-04-22,1015,589
IN-MUM-DC,India,2025-04-22,1008,690
IN-DEL-DC,India,2025-04-22,1011,483
IN-MUM-DC,India,2025-04-22,1009,250
IN-MUM-DC,India,2025-04-22,1001,593
IN-DEL-DC,India,2025-04-22,1008,522
IN-DEL-DC,India,2025-04-22,1009,567
IN-MUM-DC,India,2025-04-22,1003,513
IN-MUM-DC,India,2025-04-22,1014,438
IN-DEL-DC,India,2025-04-22,1012,714
IN-MUM-DC,India,2025-04-22,1009,286
IN-MUM-DC,India,2025-04-22,1009,347
IN-DEL-DC,India,2025-04-22,1014,563
IN-MUM-DC,India,2025-04-22,1013,644
IN-MUM-DC,India,2025-04-22,1008,683
IN-DEL-DC,India,2025-04-22,1015,481
IN-DEL-DC,India,2025-04-22,1010,607
IN-MUM-DC,India,2025-04-22,1003,662
IN-MUM-DC,India,2025-04-22,1008,499
IN-DEL-DC,India,2025-04-22,1011,455
IN-MUM-DC,India,2025-04-22,1014,595
IN-MUM-DC,India,2025-04-22,1001,568
IN-MUM-DC,India,2025-04-22,1014,645
IN-MUM-DC,India,2025-04-22,1000,445
IN-MUM-DC,India,2025-04-22,1009,400
IN-MUM-DC,India,2025-04-22,1003,320
IN-DEL-DC,India,2025-04-22,1004,673
IN-DEL-DC,India,2025-04-22,1010,471
IN-MUM-DC,India,2025-04-22,1004,373
IN-DEL-DC,India,2025-04-23,1010,649
IN-DEL-DC,India,2025-04-23,1006,283
IN-DEL-DC,India,2025-04-23,1011,333
IN-MUM-DC,India,2025-04-23,1012,667
IN-MUM-DC,India,2025-04-23,1000,251
IN-MUM-DC,India,2025-04-23,1002,476
IN-MUM-DC,India,2025-04-23,1008,599
IN-DEL-DC,India,2025-04-23,1001,445
IN-MUM-DC,India,2025-04-23,1008,316
IN-MUM-DC,India,2025-04-23,1011,327
IN-DEL-DC,India,2025-04-23,1000,607
IN-DEL-DC,India,2025-04-23,1014,663
IN-MUM-DC,India,2025-04-23,1003,354
IN-DEL-DC,India,2025-04-23,1006,681
IN-DEL-DC,India,2025-04-23,1009,622
IN-DEL-DC,India,2025-04-23,1012,306
IN-MUM-DC,India,2025-04-23,1006,547
IN-MUM-DC,India,2025-04-23,1009,612
IN-DEL-DC,India,2025-04-23,1013,332
IN-DEL-DC,India,2025-04-23,1004,254
IN-DEL-DC,India,2025-04-23,1008,360
IN-DEL-DC,India,2025-04-23,1007,429
IN-DEL-DC,India,2025-04-23,1002,245
IN-DEL-DC,India,2025-04-23,1004,686
IN-MUM-DC,India,2025-04-23,1012,591
IN-DEL-DC,India,2025-04-23,1012,602
IN-MUM-DC,India,2025-04-23,1008,277
IN-DEL-DC,India,2025-04-23,1001,266
IN-DEL-DC,India,2025-04-23,1007,481
IN-DEL-DC,India,2025-04-23,1001,242
IN-DEL-DC,India,2025-04-23,1012,394
IN-MUM-DC,India,2025-04-23,1011,307
IN-MUM-DC,India,2025-04-23,1005,373
IN-DEL-DC,India,2025-04-23,1015,716
IN-MUM-DC,India,2025-04-23,1014,307
IN-DEL-DC,India,2025-04-23,1010,603
IN-MUM-DC,India,2025-04-23,1004,373
IN-MUM-DC,India,2025-04-23,1010,262
IN-DEL-DC,India,2025-04-23,1015,686
IN-DEL-DC,India,2025-04-23,1011,714
IN-DEL-DC,India,2025-04-23,1009,702
IN-DEL-DC,India,2025-04-23,1008,504
IN-MUM-DC,India,2025-04-23,1013,697
IN-DEL-DC,India,2025-04-23,1010,617
IN-DEL-DC,India,2025-04-23,1004,524
IN-MUM-DC,India,2025-04-23,1001,336
IN-MUM-DC,India,2025-04-23,1001,357
IN-DEL-DC,India,2025-04-23,1001,480
IN-DEL-DC,India,2025-04-23,1005,601
IN-DEL-DC,India,2025-04-23,1013,299
IN-DEL-DC,India,2025-04-24,1001,466
IN-DEL-DC,India,2025-04-24,1015,474
IN-MUM-DC,India,2025-04-24,1003,673
IN-MUM-DC,India,2025-04-24,1003,418
IN-DEL-DC,India,2025-04-24,1006,684
IN-MUM-DC,India,2025-04-24,1005,667
IN-MUM-DC,India,2025-04-24,1008,528
IN-MUM-DC,India,2025-04-24,1000,509
IN-MUM-DC,India,2025-04-24,1013,711
IN-DEL-DC,India,2025-04-24,1007,633
IN-DEL-DC,India,2025-04-24,1003,694
IN-MUM-DC,India,2025-04-24,1000,385
IN-MUM-DC,India,2025-04-24,1012,431
IN-MUM-DC,India,2025-04-24,1010,318
IN-DEL-DC,India,2025-04-24,1002,475
IN-DEL-DC,India,2025-04-24,1014,561
IN-MUM-DC,India,2025-04-24,1000,408
IN-MUM-DC,India,2025-04-24,1014,406
IN-MUM-DC,India,2025-04-24,1006,681
IN-MUM-DC,India,2025-04-24,1009,405
IN-DEL-DC,India,2025-04-24,1002,520
IN-DEL-DC,India,2025-04-24,1002,444
IN-DEL-DC,India,2025-04-24,1005,362
IN-MUM-DC,India,2025-04-24,1002,250
IN-DEL-DC,India,2025-04-24,1005,438
IN-MUM-DC,India,2025-04-24,1009,571
IN-DEL-DC,India,2025-04-24,1003,392
IN-DEL-DC,India,2025-04-24,1013,616
IN-MUM-DC,India,2025-04-24,1004,423
IN-MUM-DC,India,2025-04-24,1011,502
IN-DEL-DC,India,2025-04-24,1015,468
IN-DEL-DC,India,2025-04-24,1015,377
IN-DEL-DC,India,2025-04-24,1002,627
IN-MUM-DC,India,2025-04-24,1011,554
IN-DEL-DC,India,2025-04-24,1013,562
IN-DEL-DC,India,2025-04-24,1002,260
IN-MUM-DC,India,2025-04-24,1014,586
IN-DEL-DC,India,2025-04-24,1004,716
IN-DEL-DC,India,2025-04-24,1002,388
IN-DEL-DC,India,2025-04-24,1013,280
IN-MUM-DC,India,2025-04-24,1009,316
IN-MUM-DC,India,2025-04-24,1009,670
IN-MUM-DC,India,2025-04-24,1013,391
IN-MUM-DC,India,2025-04-24,1002,709
IN-DEL-DC,India,2025-04-24,1003,501
IN-DEL-DC,India,2025-04-24,1013,288
IN-DEL-DC,India,2025-04-24,1008,421
IN-MUM-DC,India,2025-04-24,1002,633
IN-DEL-DC,India,2025-04-24,1003,619
IN-MUM-DC,India,2025-04-24,1005,642
IN-MUM-DC,India,2025-04-25,1012,263
IN-DEL-DC,India,2025-04-25,1013,688
IN-DEL-DC,India,2025-04-25,1010,540
IN-DEL-DC,India,2025-04-25,1014,559
IN-MUM-DC,India,2025-04-25,1010,710
IN-MUM-DC,India,2025-04-25,1006,334
IN-MUM-DC,India,2025-04-25,1008,686
IN-MUM-DC,India,2025-04-25,1013,513
IN-MUM-DC,India,2025-04-25,1000,442
IN-DEL-DC,India,2025-04-25,1000,327
IN-DEL-DC,India,2025-04-25,1014,594
IN-DEL-DC,India,2025-04-25,1015,395
IN-DEL-DC,India,2025-04-25,1012,651
IN-MUM-DC,India,2025-04-25,1002,304
IN-MUM-DC,India,2025-04-25,1000,337
IN-MUM-DC,India,2025-04-25,1000,596
IN-DEL-DC,India,2025-04-25,1000,347
IN-MUM-DC,India,2025-04-25,1004,572
IN-MUM-DC,India,2025-04-25,1013,671
IN-DEL-DC,India,2025-04-25,1002,394
IN-DEL-DC,India,2025-04-25,1004,482
IN-MUM-DC,India,2025-04-25,1000,299
IN-DEL-DC,India,2025-04-25,1004,618
IN-MUM-DC,India,2025-04-25,1015,481
IN-MUM-DC,India,2025-04-25,1014,539
IN-DEL-DC,India,2025-04-25,1006,390
IN-MUM-DC,India,2025-04-25,1001,410
IN-DEL-DC,India,2025-04-25,1003,562
IN-DEL-DC,India,2025-04-25,1013,674
IN-DEL-DC,India,2025-04-25,1009,258
IN-DEL-DC,India,2025-04-25,1012,488
IN-MUM-DC,India,2025-04-25,1007,605
IN-DEL-DC,India,2025-04-25,1000,456
IN-DEL-DC,India,2025-04-25,1002,377
IN-DEL-DC,India,2025-04-25,1015,299
IN-DEL-DC,India,2025-04-25,1011,469
IN-DEL-DC,India,2025-04-25,1000,322
IN-DEL-DC,India,2025-04-25,1006,480
IN-MUM-DC,India,2025-04-25,1014,358
IN-DEL-DC,India,2025-04-25,1010,711
IN-DEL-DC,India,2025-04-25,1004,692
IN-DEL-DC,India,2025-04-25,1012,453
IN-MUM-DC,India,2025-04-25,1015,649
IN-MUM-DC,India,2025-04-25,1006,384
IN-MUM-DC,India,2025-04-25,1015,306
IN-DEL-DC,India,2025-04-25,1006,320
IN-DEL-DC,India,2025-04-25,1003,646
IN-MUM-DC,India,2025-04-25,1015,395
IN-MUM-DC,India,2025-04-25,1006,525
IN-DEL-DC,India,2025-04-25,1000,423
IN-MUM-DC,India,2025-04-26,1011,586
IN-MUM-DC,India,2025-04-26,1005,663
IN-DEL-DC,India,2025-04-26,1002,412
IN-MUM-DC,India,2025-04-26,1003,556
IN-MUM-DC,India,2025-04-26,1003,527
IN-DEL-DC,India,2025-04-26,1015,372
IN-MUM-DC,India,2025-04-26,1011,633
IN-MUM-DC,India,2025-04-26,1008,698
IN-MUM-DC,India,2025-04-26,1003,601
IN-DEL-DC,India,2025-04-26,1014,649
IN-MUM-DC,India,2025-04-26,1003,294
IN-MUM-DC,India,2025-04-26,1001,499
IN-MUM-DC,India,2025-04-26,1005,562
IN-DEL-DC,India,2025-04-26,1006,706
IN-DEL-DC,India,2025-04-26,1005,612
IN-DEL-DC,India,2025-04-26,1014,630
IN-DEL-DC,India,2025-04-26,1003,318
IN-MUM-DC,India,2025-04-26,1010,659
IN-MUM-DC,India,2025-04-26,1003,674
IN-MUM-DC,India,2025-04-26,1014,452
IN-DEL-DC,India,2025-04-26,1007,667
IN-MUM-DC,India,2025-04-26,1010,386
IN-DEL-DC,India,2025-04-26,1002,376
IN-MUM-DC,India,2025-04-26,1013,424
IN-DEL-DC,India,2025-04-26,1004,625
IN-DEL-DC,India,2025-04-26,1007,310
IN-DEL-DC,India,2025-04-26,1013,710
IN-DEL-DC,India,2025-04-26,1014,676
IN-MUM-DC,India,2025-04-26,1000,466
IN-MUM-DC,India,2025-04-26,1000,607
IN-DEL-DC,India,2025-04-26,1002,413
IN-MUM-DC,India,2025-04-26,1012,635
IN-DEL-DC,India,2025-04-26,1013,271
IN-MUM-DC,India,2025-04-26,1001,578
IN-DEL-DC,India,2025-04-26,1001,563
IN-DEL-DC,India,2025-04-26,1013,445
IN-DEL-DC,India,2025-04-26,1010,705
IN-DEL-DC,India,2025-04-26,1000,663
IN-DEL-DC,India,2025-04-26,1004,598
IN-MUM-DC,India,2025-04-26,1014,569
IN-DEL-DC,India,2025-04-26,1014,597
IN-MUM-DC,India,2025-04-26,1012,637
IN-MUM-DC,India,2025-04-26,1009,283
IN-MUM-DC,India,2025-04-26,1010,439
IN-MUM-DC,India,2025-04-26,1009,349
IN-DEL-DC,India,2025-04-26,1009,506
IN-MUM-DC,India,2025-04-26,1005,251
IN-DEL-DC,India,2025-04-26,1008,363
IN-MUM-DC,India,2025-04-26,1013,498
IN-DEL-DC,India,2025-04-26,1001,670
TH-BKK-DC,Thailand,2025-04-20,1008,561
TH-BKK-DC,Thailand,2025-04-20,1003,264
TH-BKK-DC,Thailand,2025-04-20,1014,392
TH-BKK-DC,Thailand,2025-04-20,1014,413
TH-BKK-DC,Thailand,2025-04-20,1007,419
TH-BKK-DC,Thailand,2025-04-20,1009,581
TH-BKK-DC,Thailand,2025-04-20,1012,506
TH-BKK-DC,Thailand,2025-04-20,1003,407
TH-BKK-DC,Thailand,2025-04-20,1011,472
TH-BKK-DC,Thailand,2025-04-20,1004,604
TH-BKK-DC,Thailand,2025-04-20,1013,281
TH-BKK-DC,Thailand,2025-04-20,1001,457
TH-BKK-DC,Thailand,2025-04-20,1015,349
TH-BKK-DC,Thailand,2025-04-20,1002,429
TH-BKK-DC,Thailand,2025-04-20,1012,686
TH-BKK-DC,Thailand,2025-04-20,1015,565
TH-BKK-DC,Thailand,2025-04-20,1014,592
TH-BKK-DC,Thailand,2025-04-20,1013,661
TH-BKK-DC,Thailand,2025-04-20,1004,498
TH-BKK-DC,Thailand,2025-04-20,1015,604
TH-BKK-DC,Thailand,2025-04-20,1004,600
TH-BKK-DC,Thailand,2025-04-20,1006,473
TH-BKK-DC,Thailand,2025-04-20,1001,622
TH-BKK-DC,Thailand,2025-04-20,1011,711
TH-BKK-DC,Thailand,2025-04-20,1013,296
TH-BKK-DC,Thailand,2025-04-20,1011,532
TH-BKK-DC,Thailand,2025-04-20,1001,507
TH-BKK-DC,Thailand,2025-04-20,1003,430
TH-BKK-DC,Thailand,2025-04-20,1011,395
TH-BKK-DC,Thailand,2025-04-20,1015,254
TH-BKK-DC,Thailand,2025-04-20,1004,641
TH-BKK-DC,Thailand,2025-04-20,1001,719
TH-BKK-DC,Thailand,2025-04-20,1009,350
TH-BKK-DC,Thailand,2025-04-20,1015,241
TH-BKK-DC,Thailand,2025-04-20,1011,274
TH-BKK-DC,Thailand,2025-04-20,1013,486
TH-BKK-DC,Thailand,2025-04-20,1014,700
TH-BKK-DC,Thailand,2025-04-20,1012,483
TH-BKK-DC,Thailand,2025-04-20,1004,498
TH-BKK-DC,Thailand,2025-04-20,1014,581
TH-BKK-DC,Thailand,2025-04-20,1004,683
TH-BKK-DC,Thailand,2025-04-20,1002,649
TH-BKK-DC,Thailand,2025-04-20,1012,359
TH-BKK-DC,Thailand,2025-04-20,1010,516
TH-BKK-DC,Thailand,2025-04-20,1014,616
TH-BKK-DC,Thailand,2025-04-20,1002,683
TH-BKK-DC,Thailand,2025-04-20,1000,532
TH-BKK-DC,Thailand,2025-04-20,1003,569
TH-BKK-DC,Thailand,2025-04-20,1006,556
TH-BKK-DC,Thailand,2025-04-20,1006,624
TH-BKK-DC,Thailand,2025-04-21,1000,301
TH-BKK-DC,Thailand,2025-04-21,1000,380
TH-BKK-DC,Thailand,2025-04-21,1007,664
TH-BKK-DC,Thailand,2025-04-21,1002,653
TH-BKK-DC,Thailand,2025-04-21,1012,541
TH-BKK-DC,Thailand,2025-04-21,1015,681
TH-BKK-DC,Thailand,2025-04-21,1010,463
TH-BKK-DC,Thailand,2025-04-21,1013,252
TH-BKK-DC,Thailand,2025-04-21,1012,371
TH-BKK-DC,Thailand,2025-04-21,1003,290
TH-BKK-DC,Thailand,2025-04-21,1009,313
TH-BKK-DC,Thailand,2025-04-21,1008,633
TH-BKK-DC,Thailand,2025-04-21,1004,397
TH-BKK-DC,Thailand,2025-04-21,1005,270
TH-BKK-DC,Thailand,2025-04-21,1005,253
TH-BKK-DC,Thailand,2025-04-21,1009,439
TH-BKK-DC,Thailand,2025-04-21,1010,312
TH-BKK-DC,Thailand,2025-04-21,1010,372
TH-BKK-DC,Thailand,2025-04-21,1003,266
TH-BKK-DC,Thailand,2025-04-21,1007,625
TH-BKK-DC,Thailand,2025-04-21,1015,500
TH-BKK-DC,Thailand,2025-04-21,1003,377
TH-BKK-DC,Thailand,2025-04-21,1010,477
TH-BKK-DC,Thailand,2025-04-21,1002,487
TH-BKK-DC,Thailand,2025-04-21,1013,564
TH-BKK-DC,Thailand,2025-04-21,1000,377
TH-BKK-DC,Thailand,2025-04-21,1007,630
TH-BKK-DC,Thailand,2025-04-21,1009,530
TH-BKK-DC,Thailand,2025-04-21,1014,282
TH-BKK-DC,Thailand,2025-04-21,1004,431
TH-BKK-DC,Thailand,2025-04-21,1007,515
TH-BKK-DC,Thailand,2025-04-21,1014,261
TH-BKK-DC,Thailand,2025-04-21,1014,664
TH-BKK-DC,Thailand,2025-04-21,1005,240
TH-BKK-DC,Thailand,2025-04-21,1015,379
TH-BKK-DC,Thailand,2025-04-21,1012,419
TH-BKK-DC,Thailand,2025-04-21,1009,263
TH-BKK-DC,Thailand,2025-04-21,1002,393
TH-BKK-DC,Thailand,2025-04-21,1012,597
TH-BKK-DC,Thailand,2025-04-21,1004,611
TH-BKK-DC,Thailand,2025-04-21,1013,347
TH-BKK-DC,Thailand,2025-04-21,1010,565
TH-BKK-DC,Thailand,2025-04-21,1014,379
TH-BKK-DC,Thailand,2025-04-21,1010,414
TH-BKK-DC,Thailand,2025-04-21,1014,546
TH-BKK-DC,Thailand,2025-04-21,1000,707
TH-BKK-DC,Thailand,2025-04-21,1000,551
TH-BKK-DC,Thailand,2025-04-21,1000,701
TH-BKK-DC,Thailand,2025-04-21,1005,451
TH-BKK-DC,Thailand,2025-04-21,1012,515
TH-BKK-DC,Thailand,2025-04-22,1002,515
TH-BKK-DC,Thailand,2025-04-22,1014,584
TH-BKK-DC,Thailand,2025-04-22,1011,656
TH-BKK-DC,Thailand,2025-04-22,1011,438
TH-BKK-DC,Thailand,2025-04-22,1000,303
TH-BKK-DC,Thailand,2025-04-22,1011,719
TH-BKK-DC,Thailand,2025-04-22,1014,244
TH-BKK-DC,Thailand,2025-04-22,1000,628
TH-BKK-DC,Thailand,2025-04-22,1011,338
TH-BKK-DC,Thailand,2025-04-22,1009,653
TH-BKK-DC,Thailand,2025-04-22,1007,492
TH-BKK-DC,Thailand,2025-04-22,1001,383
TH-BKK-DC,Thailand,2025-04-22,1006,243
TH-BKK-DC,Thailand,2025-04-22,1012,296
TH-BKK-DC,Thailand,2025-04-22,1015,327
TH-BKK-DC,Thailand,2025-04-22,1005,273
TH-BKK-DC,Thailand,2025-04-22,1002,305
TH-BKK-DC,Thailand,2025-04-22,1007,691
TH-BKK-DC,Thailand,2025-04-22,1006,674
TH-BKK-DC,Thailand,2025-04-22,1008,588
TH-BKK-DC,Thailand,2025-04-22,1000,720
TH-BKK-DC,Thailand,2025-04-22,1001,677
TH-BKK-DC,Thailand,2025-04-22,1013,672
TH-BKK-DC,Thailand,2025-04-22,1008,302
TH-BKK-DC,Thailand,2025-04-22,1015,425
TH-BKK-DC,Thailand,2025-04-22,1007,264
TH-BKK-DC,Thailand,2025-04-22,1013,512
TH-BKK-DC,Thailand,2025-04-22,1010,242
TH-BKK-DC,Thailand,2025-04-22,1006,411
TH-BKK-DC,Thailand,2025-04-22,1000,617
TH-BKK-DC,Thailand,2025-04-22,1013,278
TH-BKK-DC,Thailand,2025-04-22,1006,324
TH-BKK-DC,Thailand,2025-04-22,1009,272
TH-BKK-DC,Thailand,2025-04-22,1000,485
TH-BKK-DC,Thailand,2025-04-22,1000,543
TH-BKK-DC,Thailand,2025-04-22,1008,366
TH-BKK-DC,Thailand,2025-04-22,1015,362
TH-BKK-DC,Thailand,2025-04-22,1001,660
TH-BKK-DC,Thailand,2025-04-22,1007,277
TH-BKK-DC,Thailand,2025-04-22,1003,560
TH-BKK-DC,Thailand,2025-04-22,1003,283
TH-BKK-DC,Thailand,2025-04-22,1001,433
TH-BKK-DC,Thailand,2025-04-22,1002,640
TH-BKK-DC,Thailand,2025-04-22,1001,710
TH-BKK-DC,Thailand,2025-04-22,1001,394
TH-BKK-DC,Thailand,2025-04-22,1002,292
TH-BKK-DC,Thailand,2025-04-22,1001,390
TH-BKK-DC,Thailand,2025-04-22,1012,289
TH-BKK-DC,Thailand,2025-04-22,1007,682
TH-BKK-DC,Thailand,2025-04-22,1014,436
TH-BKK-DC,Thailand,2025-04-23,1013,690
TH-BKK-DC,Thailand,2025-04-23,1010,573
TH-BKK-DC,Thailand,2025-04-23,1014,504
TH-BKK-DC,Thailand,2025-04-23,1006,295
TH-BKK-DC,Thailand,2025-04-23,1000,544
TH-BKK-DC,Thailand,2025-04-23,1006,703
TH-BKK-DC,Thailand,2025-04-23,1008,421
TH-BKK-DC,Thailand,2025-04-23,1015,611
TH-BKK-DC,Thailand,2025-04-23,1005,364
TH-BKK-DC,Thailand,2025-04-23,1001,270
TH-BKK-DC,Thailand,2025-04-23,1009,539
TH-BKK-DC,Thailand,2025-04-23,1011,399
TH-BKK-DC,Thailand,2025-04-23,1004,480
TH-BKK-DC,Thailand,2025-04-23,1010,389
TH-BKK-DC,Thailand,2025-04-23,1000,505
TH-BKK-DC,Thailand,2025-04-23,1001,361
TH-BKK-DC,Thailand,2025-04-23,1013,416
TH-BKK-DC,Thailand,2025-04-23,1006,567
TH-BKK-DC,Thailand,2025-04-23,1002,414
TH-BKK-DC,Thailand,2025-04-23,1015,595
TH-BKK-DC,Thailand,2025-04-23,1010,676
TH-BKK-DC,Thailand,2025-04-23,1009,454
TH-BKK-DC,Thailand,2025-04-23,1005,293
TH-BKK-DC,Thailand,2025-04-23,1001,493
TH-BKK-DC,Thailand,2025-04-23,1000,567
TH-BKK-DC,Thailand,2025-04-23,1007,478
TH-BKK-DC,Thailand,2025-04-23,1007,486
TH-BKK-DC,Thailand,2025-04-23,1012,345
TH-BKK-DC,Thailand,2025-04-23,1005,662
TH-BKK-DC,Thailand,2025-04-23,1011,245
TH-BKK-DC,Thailand,2025-04-23,1011,255
TH-BKK-DC,Thailand,2025-04-23,1004,388
TH-BKK-DC,Thailand,2025-04-23,1006,563
TH-BKK-DC,Thailand,2025-04-23,1001,255
TH-BKK-DC,Thailand,2025-04-23,1006,385
TH-BKK-DC,Thailand,2025-04-23,1007,693
TH-BKK-DC,Thailand,2025-04-23,1005,413
TH-BKK-DC,Thailand,2025-04-23,1005,340
TH-BKK-DC,Thailand,2025-04-23,1005,671
TH-BKK-DC,Thailand,2025-04-23,1003,250
TH-BKK-DC,Thailand,2025-04-23,1012,575
TH-BKK-DC,Thailand,2025-04-23,1010,719
TH-BKK-DC,Thailand,2025-04-23,1009,473
TH-BKK-DC,Thailand,2025-04-23,1011,654
TH-BKK-DC,Thailand,2025-04-23,1005,509
TH-BKK-DC,Thailand,2025-04-23,1002,300
TH-BKK-DC,Thailand,2025-04-23,1004,646
TH-BKK-DC,Thailand,2025-04-23,1006,512
TH-BKK-DC,Thailand,2025-04-23,1011,402
TH-BKK-DC,Thailand,2025-04-23,1007,711
TH-BKK-DC,Thailand,2025-04-24,1006,677
TH-BKK-DC,Thailand,2025-04-24,1004,407
TH-BKK-DC,Thailand,2025-04-24,1001,562
TH-BKK-DC,Thailand,2025-04-24,1004,675
TH-BKK-DC,Thailand,2025-04-24,1006,612
TH-BKK-DC,Thailand,2025-04-24,1015,644
TH-BKK-DC,Thailand,2025-04-24,1005,500
TH-BKK-DC,Thailand,2025-04-24,1011,495
TH-BKK-DC,Thailand,2025-04-24,1005,404
TH-BKK-DC,Thailand,2025-04-24,1015,606
TH-BKK-DC,Thailand,2025-04-24,1015,377
TH-BKK-DC,Thailand,2025-04-24,1001,346
TH-BKK-DC,Thailand,2025-04-24,1006,471
TH-BKK-DC,Thailand,2025-04-24,1012,351
TH-BKK-DC,Thailand,2025-04-24,1013,695
TH-BKK-DC,Thailand,2025-04-24,1005,718
TH-BKK-DC,Thailand,2025-04-24,1008,521
TH-BKK-DC,Thailand,2025-04-24,1004,624
TH-BKK-DC,Thailand,2025-04-24,1009,467
TH-BKK-DC,Thailand,2025-04-24,1007,538
TH-BKK-DC,Thailand,2025-04-24,1014,502
TH-BKK-DC,Thailand,2025-04-24,1013,470
TH-BKK-DC,Thailand,2025-04-24,1013,449
TH-BKK-DC,Thailand,2025-04-24,1015,402
TH-BKK-DC,Thailand,2025-04-24,1012,252
TH-BKK-DC,Thailand,2025-04-24,1014,359
TH-BKK-DC,Thailand,2025-04-24,1002,423
TH-BKK-DC,Thailand,2025-04-24,1009,671
TH-BKK-DC,Thailand,2025-04-24,1008,714
TH-BKK-DC,Thailand,2025-04-24,1003,300
TH-BKK-DC,Thailand,2025-04-24,1011,259
TH-BKK-DC,Thailand,2025-04-24,1010,340
TH-BKK-DC,Thailand,2025-04-24,1008,394
TH-BKK-DC,Thailand,2025-04-24,1006,601
TH-BKK-DC,Thailand,2025-04-24,1008,244
TH-BKK-DC,Thailand,2025-04-24,1009,661
TH-BKK-DC,Thailand,2025-04-24,1012,447
TH-BKK-DC,Thailand,2025-04-24,1015,574
TH-BKK-DC,Thailand,2025-04-24,1012,356
TH-BKK-DC,Thailand,2025-04-24,1006,482
TH-BKK-DC,Thailand,2025-04-24,1014,609
TH-BKK-DC,Thailand,2025-04-24,1010,645
TH-BKK-DC,Thailand,2025-04-24,1010,673
TH-BKK-DC,Thailand,2025-04-24,1013,634
TH-BKK-DC,Thailand,2025-04-24,1006,464
TH-BKK-DC,Thailand,2025-04-24,1000,431
TH-BKK-DC,Thailand,2025-04-24,1004,396
TH-BKK-DC,Thailand,2025-04-24,1015,654
TH-BKK-DC,Thailand,2025-04-24,1010,355
TH-BKK-DC,Thailand,2025-04-24,1013,591
TH-BKK-DC,Thailand,2025-04-25,1009,406
TH-BKK-DC,Thailand,2025-04-25,1001,712
TH-BKK-DC,Thailand,2025-04-25,1004,409
TH-BKK-DC,Thailand,2025-04-25,1012,344
TH-BKK-DC,Thailand,2025-04-25,1002,513
TH-BKK-DC,Thailand,2025-04-25,1006,483
TH-BKK-DC,Thailand,2025-04-25,1010,531
TH-BKK-DC,Thailand,2025-04-25,1009,287
TH-BKK-DC,Thailand,2025-04-25,1003,585
TH-BKK-DC,Thailand,2025-04-25,1001,663
TH-BKK-DC,Thailand,2025-04-25,1000,335
TH-BKK-DC,Thailand,2025-04-25,1002,706
TH-BKK-DC,Thailand,2025-04-25,1009,345
TH-BKK-DC,Thailand,2025-04-25,1009,577
TH-BKK-DC,Thailand,2025-04-25,1014,269
TH-BKK-DC,Thailand,2025-04-25,1000,327
TH-BKK-DC,Thailand,2025-04-25,1013,440
TH-BKK-DC,Thailand,2025-04-25,1003,306
TH-BKK-DC,Thailand,2025-04-25,1015,620
TH-BKK-DC,Thailand,2025-04-25,1012,702
TH-BKK-DC,Thailand,2025-04-25,1004,685
TH-BKK-DC,Thailand,2025-04-25,1009,461
TH-BKK-DC,Thailand,2025-04-25,1005,549
TH-BKK-DC,Thailand,2025-04-25,1006,497
TH-BKK-DC,Thailand,2025-04-25,1008,343
TH-BKK-DC,Thailand,2025-04-25,1004,468
TH-BKK-DC,Thailand,2025-04-25,1012,549
TH-BKK-DC,Thailand,2025-04-25,1010,706
TH-BKK-DC,Thailand,2025-04-25,1014,476
TH-BKK-DC,Thailand,2025-04-25,1002,387
TH-BKK-DC,Thailand,2025-04-25,1011,598
TH-BKK-DC,Thailand,2025-04-25,1012,553
TH-BKK-DC,Thailand,2025-04-25,1013,367
TH-BKK-DC,Thailand,2025-04-25,1013,474
TH-BKK-DC,Thailand,2025-04-25,1005,597
TH-BKK-DC,Thailand,2025-04-25,1012,597
TH-BKK-DC,Thailand,2025-04-25,1007,693
TH-BKK-DC,Thailand,2025-04-25,1008,691
TH-BKK-DC,Thailand,2025-04-25,1002,597
TH-BKK-DC,Thailand,2025-04-25,1015,450
TH-BKK-DC,Thailand,2025-04-25,1011,279
TH-BKK-DC,Thailand,2025-04-25,1010,449
TH-BKK-DC,Thailand,2025-04-25,1005,369
TH-BKK-DC,Thailand,2025-04-25,1001,476
TH-BKK-DC,Thailand,2025-04-25,1002,567
TH-BKK-DC,Thailand,2025-04-25,1012,415
TH-BKK-DC,Thailand,2025-04-25,1006,443
TH-BKK-DC,Thailand,2025-04-25,1000,368
TH-BKK-DC,Thailand,2025-04-25,1004,407
TH-BKK-DC,Thailand,2025-04-25,1015,476
TH-BKK-DC,Thailand,2025-04-26,1002,520
TH-BKK-DC,Thailand,2025-04-26,1014,311
TH-BKK-DC,Thailand,2025-04-26,1008,670
TH-BKK-DC,Thailand,2025-04-26,1005,669
TH-BKK-DC,Thailand,2025-04-26,1003,330
TH-BKK-DC,Thailand,2025-04-26,1003,513
TH-BKK-DC,Thailand,2025-04-26,1005,279
TH-BKK-DC,Thailand,2025-04-26,1008,318
TH-BKK-DC,Thailand,2025-04-26,1011,331
TH-BKK-DC,Thailand,2025-04-26,1001,697
TH-BKK-DC,Thailand,2025-04-26,1014,596
TH-BKK-DC,Thailand,2025-04-26,1003,439
TH-BKK-DC,Thailand,2025-04-26,1014,266
TH-BKK-DC,Thailand,2025-04-26,1001,635
TH-BKK-DC,Thailand,2025-04-26,1006,715
TH-BKK-DC,Thailand,2025-04-26,1011,705
TH-BKK-DC,Thailand,2025-04-26,1006,286
TH-BKK-DC,Thailand,2025-04-26,1013,254
TH-BKK-DC,Thailand,2025-04-26,1010,660
TH-BKK-DC,Thailand,2025-04-26,1002,352
TH-BKK-DC,Thailand,2025-04-26,1005,610
TH-BKK-DC,Thailand,2025-04-26,1001,452
TH-BKK-DC,Thailand,2025-04-26,1010,405
TH-BKK-DC,Thailand,2025-04-26,1006,718
TH-BKK-DC,Thailand,2025-04-26,1013,301
TH-BKK-DC,Thailand,2025-04-26,1006,294
TH-BKK-DC,Thailand,2025-04-26,1010,328
TH-BKK-DC,Thailand,2025-04-26,1012,574
TH-BKK-DC,Thailand,2025-04-26,1000,439
TH-BKK-DC,Thailand,2025-04-26,1014,352
TH-BKK-DC,Thailand,2025-04-26,1008,572
TH-BKK-DC,Thailand,2025-04-26,1001,274
TH-BKK-DC,Thailand,2025-04-26,1013,394
TH-BKK-DC,Thailand,2025-04-26,1003,604
TH-BKK-DC,Thailand,2025-04-26,1008,288
TH-BKK-DC,Thailand,2025-04-26,1012,587
TH-BKK-DC,Thailand,2025-04-26,1010,329
TH-BKK-DC,Thailand,2025-04-26,1015,274
TH-BKK-DC,Thailand,2025-04-26,1000,551
TH-BKK-DC,Thailand,2025-04-26,1012,501
TH-BKK-DC,Thailand,2025-04-26,1000,359
TH-BKK-DC,Thailand,2025-04-26,1003,398
TH-BKK-DC,Thailand,2025-04-26,1013,627
TH-BKK-DC,Thailand,2025-04-26,1002,270
TH-BKK-DC,Thailand,2025-04-26,1011,495
TH-BKK-DC,Thailand,2025-04-26,1006,317
TH-BKK-DC,Thailand,2025-04-26,1006,568
TH-BKK-DC,Thailand,2025-04-26,1007,712
TH-BKK-DC,Thailand,2025-04-26,1010,308
TH-BKK-DC,Thailand,2025-04-26,1010,569
JP-TYO-DC,Japan,2025-04-20,1013,571
JP-TYO-DC,Japan,2025-04-20,1000,357
JP-TYO-DC,Japan,2025-04-20,1010,364
JP-TYO-DC,Japan,2025-04-20,1001,704
JP-TYO-DC,Japan,2025-04-20,1007,551
JP-TYO-DC,Japan,2025-04-20,1010,333
JP-TYO-DC,Japan,2025-04-20,1000,273
JP-TYO-DC,Japan,2025-04-20,1002,338
JP-TYO-DC,Japan,2025-04-20,1004,720
JP-TYO-DC,Japan,2025-04-20,1004,286
JP-TYO-DC,Japan,2025-04-20,1006,360
JP-TYO-DC,Japan,2025-04-20,1013,611
JP-TYO-DC,Japan,2025-04-20,1009,324
JP-TYO-DC,Japan,2025-04-20,1007,457
JP-TYO-DC,Japan,2025-04-20,1007,395
JP-TYO-DC,Japan,2025-04-20,1014,565
JP-TYO-DC,Japan,2025-04-20,1008,681
JP-TYO-DC,Japan,2025-04-20,1002,424
JP-TYO-DC,Japan,2025-04-20,1012,325
JP-TYO-DC,Japan,2025-04-20,1014,456
JP-TYO-DC,Japan,2025-04-20,1004,659
JP-TYO-DC,Japan,2025-04-20,1000,630
JP-TYO-DC,Japan,2025-04-20,1013,677
JP-TYO-DC,Japan,2025-04-20,1009,544
JP-TYO-DC,Japan,2025-04-20,1005,371
JP-TYO-DC,Japan,2025-04-20,1014,396
JP-TYO-DC,Japan,2025-04-20,1009,432
JP-TYO-DC,Japan,2025-04-20,1002,410
JP-TYO-DC,Japan,2025-04-20,1015,340
JP-TYO-DC,Japan,2025-04-20,1006,242
JP-TYO-DC,Japan,2025-04-20,1011,491
JP-TYO-DC,Japan,2025-04-20,1013,442
JP-TYO-DC,Japan,2025-04-20,1012,490
JP-TYO-DC,Japan,2025-04-20,1002,449
JP-TYO-DC,Japan,2025-04-20,1003,437
JP-TYO-DC,Japan,2025-04-20,1006,630
JP-TYO-DC,Japan,2025-04-20,1008,634
JP-TYO-DC,Japan,2025-04-20,1015,565
JP-TYO-DC,Japan,2025-04-20,1001,573
JP-TYO-DC,Japan,2025-04-20,1013,616
JP-TYO-DC,Japan,2025-04-20,1007,484
JP-TYO-DC,Japan,2025-04-20,1011,563
JP-TYO-DC,Japan,2025-04-20,1004,373
JP-TYO-DC,Japan,2025-04-20,1004,370
JP-TYO-DC,Japan,2025-04-20,1005,246
JP-TYO-DC,Japan,2025-04-20,1002,569
JP-TYO-DC,Japan,2025-04-20,1012,601
JP-TYO-DC,Japan,2025-04-20,1006,688
JP-TYO-DC,Japan,2025-04-20,1005,664
JP-TYO-DC,Japan,2025-04-20,1008,594
JP-TYO-DC,Japan,2025-04-21,1012,540
JP-TYO-DC,Japan,2025-04-21,1013,625
JP-TYO-DC,Japan,2025-04-21,1003,565
JP-TYO-DC,Japan,2025-04-21,1004,377
JP-TYO-DC,Japan,2025-04-21,1012,597
JP-TYO-DC,Japan,2025-04-21,1000,326
JP-TYO-DC,Japan,2025-04-21,1000,289
JP-TYO-DC,Japan,2025-04-21,1013,508
JP-TYO-DC,Japan,2025-04-21,1009,615
JP-TYO-DC,Japan,2025-04-21,1005,330
JP-TYO-DC,Japan,2025-04-21,1005,600
JP-TYO-DC,Japan,2025-04-21,1006,489
JP-TYO-DC,Japan,2025-04-21,1003,470
JP-TYO-DC,Japan,2025-04-21,1005,342
JP-TYO-DC,Japan,2025-04-21,1005,654
JP-TYO-DC,Japan,2025-04-21,1008,701
JP-TYO-DC,Japan,2025-04-21,1014,560
JP-TYO-DC,Japan,2025-04-21,1005,280
JP-TYO-DC,Japan,2025-04-21,1002,433
JP-TYO-DC,Japan,2025-04-21,1008,272
JP-TYO-DC,Japan,2025-04-21,1000,539
JP-TYO-DC,Japan,2025-04-21,1015,488
JP-TYO-DC,Japan,2025-04-21,1000,271
JP-TYO-DC,Japan,2025-04-21,1000,580
JP-TYO-DC,Japan,2025-04-21,1003,348
JP-TYO-DC,Japan,2025-04-21,1012,548
JP-TYO-DC,Japan,2025-04-21,1015,482
JP-TYO-DC,Japan,2025-04-21,1013,412
JP-TYO-DC,Japan,2025-04-21,1010,401
JP-TYO-DC,Japan,2025-04-21,1011,580
JP-TYO-DC,Japan,2025-04-21,1012,552
JP-TYO-DC,Japan,2025-04-21,1011,687
JP-TYO-DC,Japan,2025-04-21,1003,241
JP-TYO-DC,Japan,2025-04-21,1012,611
JP-TYO-DC,Japan,2025-04-21,1000,548
JP-TYO-DC,Japan,2025-04-21,1008,598
JP-TYO-DC,Japan,2025-04-21,1011,471
JP-TYO-DC,Japan,2025-04-21,1013,578
JP-TYO-DC,Japan,2025-04-21,1000,566
JP-TYO-DC,Japan,2025-04-21,1000,564
JP-TYO-DC,Japan,2025-04-21,1001,653
JP-TYO-DC,Japan,2025-04-21,1014,359
JP-TYO-DC,Japan,2025-04-21,1012,618
JP-TYO-DC,Japan,2025-04-21,1011,459
JP-TYO-DC,Japan,2025-04-21,1003,615
JP-TYO-DC,Japan,2025-04-21,1009,550
JP-TYO-DC,Japan,2025-04-21,1004,685
JP-TYO-DC,Japan,2025-04-21,1004,494
JP-TYO-DC,Japan,2025-04-21,1009,666
JP-TYO-DC,Japan,2025-04-21,1005,698
JP-TYO-DC,Japan,2025-04-22,1003,486
JP-TYO-DC,Japan,2025-04-22,1007,348
JP-TYO-DC,Japan,2025-04-22,1002,294
JP-TYO-DC,Japan,2025-04-22,1000,322
JP-TYO-DC,Japan,2025-04-22,1012,632
JP-TYO-DC,Japan,2025-04-22,1007,608
JP-TYO-DC,Japan,2025-04-22,1015,699
JP-TYO-DC,Japan,2025-04-22,1004,712
JP-TYO-DC,Japan,2025-04-22,1002,647
JP-TYO-DC,Japan,2025-04-22,1007,717
JP-TYO-DC,Japan,2025-04-22,1010,433
JP-TYO-DC,Japan,2025-04-22,1013,653
JP-TYO-DC,Japan,2025-04-22,1007,372
JP-TYO-DC,Japan,2025-04-22,1009,284
JP-TYO-DC,Japan,2025-04-22,1002,414
JP-TYO-DC,Japan,2025-04-22,1003,533
JP-TYO-DC,Japan,2025-04-22,1004,676
JP-TYO-DC,Japan,2025-04-22,1012,535
JP-TYO-DC,Japan,2025-04-22,1009,271
JP-TYO-DC,Japan,2025-04-22,1012,456
JP-TYO-DC,Japan,2025-04-22,1011,648
JP-TYO-DC,Japan,2025-04-22,1007,294
JP-TYO-DC,Japan,2025-04-22,1000,515
JP-TYO-DC,Japan,2025-04-22,1010,314
JP-TYO-DC,Japan,2025-04-22,1007,495
JP-TYO-DC,Japan,2025-04-22,1004,547
JP-TYO-DC,Japan,2025-04-22,1004,622
JP-TYO-DC,Japan,2025-04-22,1010,398
JP-TYO-DC,Japan,2025-04-22,1008,674
JP-TYO-DC,Japan,2025-04-22,1006,493
JP-TYO-DC,Japan,2025-04-22,1012,270
JP-TYO-DC,Japan,2025-04-22,1004,663
JP-TYO-DC,Japan,2025-04-22,1007,598
JP-TYO-DC,Japan,2025-04-22,1005,678
JP-TYO-DC,Japan,2025-04-22,1012,393
JP-TYO-DC,Japan,2025-04-22,1000,520
JP-TYO-DC,Japan,2025-04-22,1010,456
JP-TYO-DC,Japan,2025-04-22,1011,627
JP-TYO-DC,Japan,2025-04-22,1012,276
JP-TYO-DC,Japan,2025-04-22,1009,596
JP-TYO-DC,Japan,2025-04-22,1012,289
JP-TYO-DC,Japan,2025-04-22,1010,625
JP-TYO-DC,Japan,2025-04-22,1009,474
JP-TYO-DC,Japan,2025-04-22,1004,466
JP-TYO-DC,Japan,2025-04-22,1009,699
JP-TYO-DC,Japan,2025-04-22,1006,351
JP-TYO-DC,Japan,2025-04-22,1000,425
JP-TYO-DC,Japan,2025-04-22,1004,432
JP-TYO-DC,Japan,2025-04-22,1005,714
JP-TYO-DC,Japan,2025-04-22,1003,422
JP-TYO-DC,Japan,2025-04-23,1005,266
JP-TYO-DC,Japan,2025-04-23,1010,543
JP-TYO-DC,Japan,2025-04-23,1004,561
JP-TYO-DC,Japan,2025-04-23,1007,257
JP-TYO-DC,Japan,2025-04-23,1007,443
JP-TYO-DC,Japan,2025-04-23,1009,592
JP-TYO-DC,Japan,2025-04-23,1012,637
JP-TYO-DC,Japan,2025-04-23,1014,682
JP-TYO-DC,Japan,2025-04-23,1008,563
JP-TYO-DC,Japan,2025-04-23,1011,245
JP-TYO-DC,Japan,2025-04-23,1003,282
JP-TYO-DC,Japan,2025-04-23,1015,568
JP-TYO-DC,Japan,2025-04-23,1000,540
JP-TYO-DC,Japan,2025-04-23,1008,595
JP-TYO-DC,Japan,2025-04-23,1005,436
JP-TYO-DC,Japan,2025-04-23,1013,392
JP-TYO-DC,Japan,2025-04-23,1003,406
JP-TYO-DC,Japan,2025-04-23,1005,447
JP-TYO-DC,Japan,2025-04-23,1012,524
JP-TYO-DC,Japan,2025-04-23,1002,505
JP-TYO-DC,Japan,2025-04-23,1006,577
JP-TYO-DC,Japan,2025-04-23,1005,681
JP-TYO-DC,Japan,2025-04-23,1000,524
JP-TYO-DC,Japan,2025-04-23,1010,302
JP-TYO-DC,Japan,2025-04-23,1004,534
JP-TYO-DC,Japan,2025-04-23,1005,284
JP-TYO-DC,Japan,2025-04-23,1001,283
JP-TYO-DC,Japan,2025-04-23,1009,426
JP-TYO-DC,Japan,2025-04-23,1013,576
JP-TYO-DC,Japan,2025-04-23,1007,393
JP-TYO-DC,Japan,2025-04-23,1009,577
JP-TYO-DC,Japan,2025-04-23,1004,535
JP-TYO-DC,Japan,2025-04-23,1010,507
JP-TYO-DC,Japan,2025-04-23,1006,592
JP-TYO-DC,Japan,2025-04-23,1001,361
JP-TYO-DC,Japan,2025-04-23,1006,312
JP-TYO-DC,Japan,2025-04-23,1006,308
JP-TYO-DC,Japan,2025-04-23,1011,382
JP-TYO-DC,Japan,2025-04-23,1013,278
JP-TYO-DC,Japan,2025-04-23,1008,435
JP-TYO-DC,Japan,2025-04-23,1012,473
JP-TYO-DC,Japan,2025-04-23,1008,586
JP-TYO-DC,Japan,2025-04-23,1004,514
JP-TYO-DC,Japan,2025-04-23,1002,562
JP-TYO-DC,Japan,2025-04-23,1006,605
JP-TYO-DC,Japan,2025-04-23,1005,454
JP-TYO-DC,Japan,2025-04-23,1010,643
JP-TYO-DC,Japan,2025-04-23,1012,253
JP-TYO-DC,Japan,2025-04-23,1002,378
JP-TYO-DC,Japan,2025-04-23,1003,590
JP-TYO-DC,Japan,2025-04-24,1002,408
JP-TYO-DC,Japan,2025-04-24,1011,705
JP-TYO-DC,Japan,2025-04-24,1008,314
JP-TYO-DC,Japan,2025-04-24,1008,245
JP-TYO-DC,Japan,2025-04-24,1012,353
JP-TYO-DC,Japan,2025-04-24,1003,640
JP-TYO-DC,Japan,2025-04-24,1005,509
JP-TYO-DC,Japan,2025-04-24,1015,288
JP-TYO-DC,Japan,2025-04-24,1009,522
JP-TYO-DC,Japan,2025-04-24,1003,699
JP-TYO-DC,Japan,2025-04-24,1005,402
JP-TYO-DC,Japan,2025-04-24,1005,416
JP-TYO-DC,Japan,2025-04-24,1015,543
JP-TYO-DC,Japan,2025-04-24,1008,244
JP-TYO-DC,Japan,2025-04-24,1004,313
JP-TYO-DC,Japan,2025-04-24,1008,267
JP-TYO-DC,Japan,2025-04-24,1007,587
JP-TYO-DC,Japan,2025-04-24,1014,333
JP-TYO-DC,Japan,2025-04-24,1011,648
JP-TYO-DC,Japan,2025-04-24,1009,381
JP-TYO-DC,Japan,2025-04-24,1007,396
JP-TYO-DC,Japan,2025-04-24,1009,448
JP-TYO-DC,Japan,2025-04-24,1002,564
JP-TYO-DC,Japan,2025-04-24,1002,613
JP-TYO-DC,Japan,2025-04-24,1002,324
JP-TYO-DC,Japan,2025-04-24,1002,620
JP-TYO-DC,Japan,2025-04-24,1015,653
JP-TYO-DC,Japan,2025-04-24,1013,586
JP-TYO-DC,Japan,2025-04-24,1015,494
JP-TYO-DC,Japan,2025-04-24,1012,247
JP-TYO-DC,Japan,2025-04-24,1000,605
JP-TYO-DC,Japan,2025-04-24,1011,365
JP-TYO-DC,Japan,2025-04-24,1014,326
JP-TYO-DC,Japan,2025-04-24,1005,278
JP-TYO-DC,Japan,2025-04-24,1004,503
JP-TYO-DC,Japan,2025-04-24,1001,456
JP-TYO-DC,Japan,2025-04-24,1012,327
JP-TYO-DC,Japan,2025-04-24,1003,413
JP-TYO-DC,Japan,2025-04-24,1003,388
JP-TYO-DC,Japan,2025-04-24,1015,390
JP-TYO-DC,Japan,2025-04-24,1006,241
JP-TYO-DC,Japan,2025-04-24,1006,712
JP-TYO-DC,Japan,2025-04-24,1001,718
JP-TYO-DC,Japan,2025-04-24,1015,269
JP-TYO-DC,Japan,2025-04-24,1000,555
JP-TYO-DC,Japan,2025-04-24,1010,392
JP-TYO-DC,Japan,2025-04-24,1003,242
JP-TYO-DC,Japan,2025-04-24,1005,445
JP-TYO-DC,Japan,2025-04-24,1000,291
JP-TYO-DC,Japan,2025-04-24,1015,341
JP-TYO-DC,Japan,2025-04-25,1004,450
JP-TYO-DC,Japan,2025-04-25,1015,243
JP-TYO-DC,Japan,2025-04-25,1008,355
JP-TYO-DC,Japan,2025-04-25,1012,431
JP-TYO-DC,Japan,2025-04-25,1011,459
JP-TYO-DC,Japan,2025-04-25,1008,295
JP-TYO-DC,Japan,2025-04-25,1014,322
JP-TYO-DC,Japan,2025-04-25,1011,622
JP-TYO-DC,Japan,2025-04-25,1000,423
JP-TYO-DC,Japan,2025-04-25,1003,337
JP-TYO-DC,Japan,2025-04-25,1001,308
JP-TYO-DC,Japan,2025-04-25,1013,620
JP-TYO-DC,Japan,2025-04-25,1001,322
JP-TYO-DC,Japan,2025-04-25,1015,580
JP-TYO-DC,Japan,2025-04-25,1003,455
JP-TYO-DC,Japan,2025-04-25,1015,649
JP-TYO-DC,Japan,2025-04-25,1010,624
JP-TYO-DC,Japan,2025-04-25,1012,307
JP-TYO-DC,Japan,2025-04-25,1003,645
JP-TYO-DC,Japan,2025-04-25,1004,319
JP-TYO-DC,Japan,2025-04-25,1000,632
JP-TYO-DC,Japan,2025-04-25,1001,587
JP-TYO-DC,Japan,2025-04-25,1013,545
JP-TYO-DC,Japan,2025-04-25,1013,485
JP-TYO-DC,Japan,2025-04-25,1009,488
JP-TYO-DC,Japan,2025-04-25,1013,366
JP-TYO-DC,Japan,2025-04-25,1005,367
JP-TYO-DC,Japan,2025-04-25,1003,682
JP-TYO-DC,Japan,2025-04-25,1007,581
JP-TYO-DC,Japan,2025-04-25,1006,482
JP-TYO-DC,Japan,2025-04-25,1005,336
JP-TYO-DC,Japan,2025-04-25,1007,301
JP-TYO-DC,Japan,2025-04-25,1012,259
JP-TYO-DC,Japan,2025-04-25,1006,715
JP-TYO-DC,Japan,2025-04-25,1013,249
JP-TYO-DC,Japan,2025-04-25,1002,682
JP-TYO-DC,Japan,2025-04-25,1012,448
JP-TYO-DC,Japan,2025-04-25,1007,353
JP-TYO-DC,Japan,2025-04-25,1013,485
JP-TYO-DC,Japan,2025-04-25,1013,569
JP-TYO-DC,Japan,2025-04-25,1009,296
JP-TYO-DC,Japan,2025-04-25,1011,383
JP-TYO-DC,Japan,2025-04-25,1013,366
JP-TYO-DC,Japan,2025-04-25,1001,333
JP-TYO-DC,Japan,2025-04-25,1000,266
JP-TYO-DC,Japan,2025-04-25,1006,386
JP-TYO-DC,Japan,2025-04-25,1008,705
JP-TYO-DC,Japan,2025-04-25,1013,334
JP-TYO-DC,Japan,2025-04-25,1015,426
JP-TYO-DC,Japan,2025-04-25,1009,297
JP-TYO-DC,Japan,2025-04-26,1000,589
JP-TYO-DC,Japan,2025-04-26,1010,424
JP-TYO-DC,Japan,2025-04-26,1011,361
JP-TYO-DC,Japan,2025-04-26,1006,539
JP-TYO-DC,Japan,2025-04-26,1002,694
JP-TYO-DC,Japan,2025-04-26,1004,562
JP-TYO-DC,Japan,2025-04-26,1001,540
JP-TYO-DC,Japan,2025-04-26,1006,600
JP-TYO-DC,Japan,2025-04-26,1003,278
JP-TYO-DC,Japan,2025-04-26,1009,611
JP-TYO-DC,Japan,2025-04-26,1006,513
JP-TYO-DC,Japan,2025-04-26,1001,305
JP-TYO-DC,Japan,2025-04-26,1013,521
JP-TYO-DC,Japan,2025-04-26,1011,698
JP-TYO-DC,Japan,2025-04-26,1014,562
JP-TYO-DC,Japan,2025-04-26,1013,274
JP-TYO-DC,Japan,2025-04-26,1013,508
JP-TYO-DC,Japan,2025-04-26,1005,546
JP-TYO-DC,Japan,2025-04-26,1004,388
JP-TYO-DC,Japan,2025-04-26,1001,646
JP-TYO-DC,Japan,2025-04-26,1012,493
JP-TYO-DC,Japan,2025-04-26,1005,464
JP-TYO-DC,Japan,2025-04-26,1012,445
JP-TYO-DC,Japan,2025-04-26,1006,334
JP-TYO-DC,Japan,2025-04-26,1005,532
JP-TYO-DC,Japan,2025-04-26,1000,690
JP-TYO-DC,Japan,2025-04-26,1008,395
JP-TYO-DC,Japan,2025-04-26,1009,602
JP-TYO-DC,Japan,2025-04-26,1003,327
JP-TYO-DC,Japan,2025-04-26,1001,513
JP-TYO-DC,Japan,2025-04-26,1009,260
JP-TYO-DC,Japan,2025-04-26,1008,714
JP-TYO-DC,Japan,2025-04-26,1008,687
JP-TYO-DC,Japan,2025-04-26,1007,661
JP-TYO-DC,Japan,2025-04-26,1003,240
JP-TYO-DC,Japan,2025-04-26,1011,406
JP-TYO-DC,Japan,2025-04-26,1008,609
JP-TYO-DC,Japan,2025-04-26,1013,699
JP-TYO-DC,Japan,2025-04-26,1010,269
JP-TYO-DC,Japan,2025-04-26,1011,352
JP-TYO-DC,Japan,2025-04-26,1005,371
JP-TYO-DC,Japan,2025-04-26,1003,609
JP-TYO-DC,Japan,2025-04-26,1008,685
JP-TYO-DC,Japan,2025-04-26,1014,352
JP-TYO-DC,Japan,2025-04-26,1008,344
JP-TYO-DC,Japan,2025-04-26,1004,468
JP-TYO-DC,Japan,2025-04-26,1013,428
JP-TYO-DC,Japan,2025-04-26,1015,287
JP-TYO-DC,Japan,2025-04-26,1005,475
JP-TYO-DC,Japan,2025-04-26,1005,336
